LoadDateTimeStamp,assignment_id,RecordSource,description,due_date
2019-12-09 13:40:32,1,kaggle,Деревья роняют листья,2020-01-24 23:00:00
2019-12-09 13:40:32,2,kaggle,Сверху имеется смотровое окошко,2020-01-31 23:00:00
2019-12-09 13:40:32,3,kaggle,Ассортимент постоянно добавляется,2020-01-09 23:00:00
2019-12-09 13:40:32,4,kaggle,Бастер мчался рядом,2020-01-18 23:00:00
2019-12-09 13:40:32,5,kaggle,Эдгар поспешно встал,2020-01-14 23:00:00
2019-12-09 13:40:32,6,kaggle,Опытная сиделка ищет работу,2020-01-19 23:00:00
2019-12-09 13:40:32,7,kaggle,Доставка ворот рассчитывается индивидуально,2020-01-11 23:00:00
2019-12-09 13:40:32,8,kaggle,Шур долго молчал,2020-01-15 23:00:00
2019-12-09 13:40:32,9,kaggle,Велотренажёр использовался немного,2020-01-14 23:00:00
2019-12-09 13:40:32,10,kaggle,Материал предоставляет салон,2020-01-13 23:00:00
2019-12-09 13:40:32,11,kaggle,Порри перебирал транспликатор,2020-01-19 23:00:00
2019-12-09 13:40:32,12,kaggle,Капюшон пристегивается заклепками,2020-01-29 23:00:00
2019-12-09 13:40:32,13,kaggle,Коля затряс головой,2020-01-18 23:00:00
2019-12-09 13:40:32,14,kaggle,Девочка ищет своего кавалера,2020-01-26 23:00:00
2019-12-09 13:40:32,15,kaggle,ЩЕНКИ ИМЕЮТ КЛЕЙМО,2020-01-14 23:00:00
2019-12-09 13:40:32,16,kaggle,Дело обстоит так,2020-01-20 23:00:00
2019-12-09 13:40:32,17,kaggle,Удлиненная спинка создает дополнительное тепло,2020-01-06 23:00:00
2019-12-09 13:40:32,18,kaggle,Шапка приобреталась отдельно,2020-01-08 23:00:00
2019-12-09 13:40:32,19,kaggle,Элли помнила Фреда,2020-01-21 23:00:00
2019-12-09 13:40:32,20,kaggle,Коля улыбнулся представлению,2020-01-09 23:00:00
2019-12-09 13:40:32,21,kaggle,Бригада рабочих ищет подряд,2020-01-23 23:00:00
2019-12-09 13:40:32,22,kaggle,Машина работает безотказно,2020-01-25 23:00:00
2019-12-09 13:40:32,23,kaggle,Лида захлопала глазами,2020-01-21 23:00:00
2019-12-09 13:40:32,24,kaggle,Победа приближается стремительно,2020-01-10 23:00:00
2019-12-09 13:40:32,25,kaggle,Оплата оговаривается индивидуально,2020-01-18 23:00:00
2019-12-09 13:40:32,26,kaggle,Эта расцветка подчеркнет вашу индивидуальность,2020-01-30 23:00:00
2019-12-09 13:40:32,27,kaggle,Ричард громко рыдал,2020-01-02 23:00:00
2019-12-09 13:40:32,28,kaggle,Чехол и бирки тоже есть,2020-01-20 23:00:00
2019-12-09 13:40:32,29,kaggle,Мошенники пересдают чужие квартиры,2020-01-02 23:00:00
2019-12-09 13:40:32,30,kaggle,Продукция имеет сертификат качества,2020-01-04 23:00:00
2019-12-09 13:40:32,31,kaggle,Трясогузка командовал культурно,2020-01-19 23:00:00
2019-12-09 13:40:32,32,kaggle,Бензин оплачивается отдельно,2020-01-24 23:00:00
2019-12-09 13:40:32,33,kaggle,Клинт затаил дыхание,2020-01-12 23:00:00
2019-12-09 13:40:32,34,kaggle,Учителям хорошо живется,2020-01-20 23:00:00
2019-12-09 13:40:32,35,kaggle,Приставка работает идеально,2020-01-03 23:00:00
2019-12-09 13:40:32,36,kaggle,Малышки ищут хозяев,2020-01-07 23:00:00
2019-12-09 13:40:32,37,kaggle,КВАРТИРА ИМЕЕТ ИНДИВИДУАЛЬНЫЙ ВХОД,2020-01-27 23:00:00
2019-12-09 13:40:32,38,kaggle,Машинка не заливает воду,2020-01-25 23:00:00
2019-12-09 13:40:32,39,kaggle,Машинка не нагревает воду,2020-01-27 23:00:00
2019-12-09 13:40:32,40,kaggle,Связь ловит хорошо,2020-01-20 23:00:00
2019-12-09 13:40:32,41,kaggle,Комплекс активно застраивается,2020-01-27 23:00:00
2019-12-09 13:40:32,42,kaggle,Кошка лечит таких людей,2020-01-14 23:00:00
2019-12-09 13:40:32,43,kaggle,Страшила слушал внимательно,2020-01-17 23:00:00
2019-12-09 13:40:32,44,kaggle,Валялкин удивленно оглянулся,2020-01-17 23:00:00
2019-12-09 13:40:32,45,kaggle,Автокресло покупалось отдельно,2020-01-25 23:00:00
2019-12-09 13:40:32,46,kaggle,Воображение помогает соображению,2020-01-03 23:00:00
2019-12-09 13:40:32,47,kaggle,Телевизор показывает супер,2020-01-07 23:00:00
2019-12-09 13:40:32,48,kaggle,Система работает очень быстро,2020-01-08 23:00:00
2019-12-09 13:40:32,49,kaggle,Наденька положила тетрадку,2020-01-27 23:00:00
2019-12-09 13:40:32,50,kaggle,Супруга пользовалась пару раз,2020-01-17 23:00:00
2019-12-09 13:40:32,51,kaggle,Квартира строй вариант,2020-01-20 23:00:00
2019-12-09 13:40:32,52,kaggle,Пересылка обсуждается отдельно,2020-01-09 23:00:00
2019-12-09 13:40:32,53,kaggle,Тумблер активирует функцию гейта,2020-01-21 23:00:00
2019-12-09 13:40:32,54,kaggle,Доставка оСуществляется Круглосуточно,2020-01-04 23:00:00
2019-12-09 13:40:32,55,kaggle,Механизм раскладывания работает хорошо,2020-01-04 23:00:00
2019-12-09 13:40:32,56,kaggle,Мылыш ищет хозяина,2020-01-25 23:00:00
2019-12-09 13:40:32,57,kaggle,Национальность не имеет значение,2020-01-31 23:00:00
2019-12-09 13:40:32,58,kaggle,Замки работают хорошо,2020-01-14 23:00:00
2019-12-09 13:40:32,59,kaggle,Крышка держится нормально,2020-01-27 23:00:00
2019-12-09 13:40:32,60,kaggle,Милые котята ищут новый дом,2020-01-17 23:00:00
2019-12-09 13:40:32,61,kaggle,Минусы переносят отлично,2020-01-13 23:00:00
2019-12-09 13:40:32,62,kaggle,Дудик спрятал карандаш,2020-01-23 23:00:00
2019-12-09 13:40:32,63,kaggle,Маня весело рассмеялась,2020-01-02 23:00:00
2019-12-09 13:40:32,64,kaggle,Игривый котёнок ищет хозяина,2020-01-31 23:00:00
2019-12-09 13:40:32,65,kaggle,Опорос проходит самостоятельно,2020-01-17 23:00:00
2019-12-09 13:40:32,66,kaggle,Выезд замер бесплатно,2020-01-18 23:00:00
2019-12-09 13:40:32,67,kaggle,Лыжи крепятся диагонально,2020-01-22 23:00:00
2019-12-09 13:40:32,68,kaggle,Ларри залился краской,2020-01-08 23:00:00
2019-12-09 13:40:32,69,kaggle,Коттеджный посёлок активно застраивается,2020-01-20 23:00:00
2019-12-09 13:40:32,70,kaggle,Ветровка продается отдельно,2020-01-27 23:00:00
2019-12-09 13:40:32,71,kaggle,Забава зазвенела посудой,2020-01-19 23:00:00
2019-12-09 13:40:32,72,kaggle,Лабросынок ищет дом,2020-01-26 23:00:00
2019-12-09 13:40:32,73,kaggle,Мотор дает перебои,2020-01-17 23:00:00
2019-12-09 13:40:32,74,kaggle,Длина ремня регулируется пряжкой,2020-01-06 23:00:00
2019-12-09 13:40:32,75,kaggle,Тут спит Костик,2020-01-30 23:00:00
2019-12-09 13:40:32,76,kaggle,Думчев опустил скрипку,2020-01-21 23:00:00
2019-12-09 13:40:32,77,kaggle,Сарданапал наморщил лоб,2020-01-24 23:00:00
2019-12-09 13:40:32,78,kaggle,Пинька прервал старика,2020-01-07 23:00:00
2019-12-09 13:40:32,79,kaggle,Честная гарантия три мес,2020-01-19 23:00:00
2019-12-09 13:40:32,80,kaggle,Устройство имеет низкое энергопотребление,2020-01-21 23:00:00
2019-12-09 13:40:32,81,kaggle,Лазерные ножницы решают задачу,2020-01-31 23:00:00
2019-12-09 13:40:32,82,kaggle,Фотографии соответствуют действительности,2020-01-20 23:00:00
2019-12-09 13:40:32,83,kaggle,Британская кошечка ищет хозяина,2020-01-09 23:00:00
2019-12-09 13:40:32,84,kaggle,Печенюшкин оглядел гостиную,2020-01-17 23:00:00
2019-12-09 13:40:32,85,kaggle,Автомойка имеет постоянных клиентов,2020-01-29 23:00:00
2019-12-09 13:40:32,86,kaggle,Руки схватили багор,2020-01-23 23:00:00
2019-12-09 13:40:32,87,kaggle,Быстро обернулся орлан,2020-01-30 23:00:00
2019-12-09 13:40:32,88,kaggle,Дочка сняла один цветочек,2020-01-24 23:00:00
2019-12-09 13:40:32,89,kaggle,Ишак отправлялся обратно,2020-01-11 23:00:00
2019-12-09 13:40:32,90,kaggle,Утром появилась надежда,2020-01-23 23:00:00
2019-12-09 13:40:32,91,kaggle,Элис удовлетворенно вздохнула,2020-01-18 23:00:00
2019-12-09 13:40:32,92,kaggle,Прибамбас выключил изображение,2020-01-19 23:00:00
2019-12-09 13:40:32,93,kaggle,Ребята окружили Сьюзи,2020-01-28 23:00:00
2019-12-09 13:40:32,94,kaggle,Коротышки везде живут,2020-01-30 23:00:00
2019-12-09 13:40:32,95,kaggle,Квартиру снимают студенты,2020-01-25 23:00:00
2019-12-09 13:40:32,96,kaggle,Мортен взял яблоко,2020-01-29 23:00:00
2019-12-09 13:40:32,97,kaggle,Коляска имеет хорошую проходимость,2020-01-20 23:00:00
2019-12-09 13:40:32,98,kaggle,Казаки шли рысью,2020-01-19 23:00:00
2019-12-09 13:40:32,99,kaggle,Подошва мигает разноцветными огоньками,2020-01-13 23:00:00
2019-12-09 13:40:32,100,kaggle,Мена зовут Наталья,2020-01-26 23:00:00
2019-12-09 13:40:32,101,kaggle,Двойной капюшон заменяет шапку,2020-01-14 23:00:00
2019-12-09 13:40:32,102,kaggle,Отличное состояние работает тихо,2020-01-15 23:00:00
2019-12-09 13:40:32,103,kaggle,Диана невольно вздрогнула,2020-01-26 23:00:00
2019-12-09 13:40:32,104,kaggle,Внутри имеется небольшой начес,2020-01-22 23:00:00
2019-12-09 13:40:32,105,kaggle,Лида проглотила слезы,2020-01-12 23:00:00
2019-12-09 13:40:32,106,kaggle,Лапотник махнул рукой,2020-01-02 23:00:00
2019-12-09 13:40:32,107,kaggle,Трехцветная красавица ищет своих родителей,2020-01-10 23:00:00
2019-12-09 13:40:32,108,kaggle,Мальчик быстро поправился,2020-01-24 23:00:00
2019-12-09 13:40:32,109,kaggle,Вакуумные наконечники отлично передают звук,2020-01-02 23:00:00
2019-12-09 13:40:32,110,kaggle,Ваши размеры оговариваются отдельно,2020-01-12 23:00:00
2019-12-09 13:40:32,111,kaggle,Динамик играет чисто,2020-01-28 23:00:00
2019-12-09 13:40:32,112,kaggle,Анюта громко вопит,2020-01-16 23:00:00
2019-12-09 13:40:32,113,kaggle,Комплексная бригада ищет работу,2020-01-13 23:00:00
2019-12-09 13:40:32,114,kaggle,Вся оптика сверкает разноцветными огнями,2020-01-24 23:00:00
2019-12-09 13:40:32,115,kaggle,Ширина регулируется резинками,2020-01-22 23:00:00
2019-12-09 13:40:32,116,kaggle,Профессор распахнул окно,2020-01-03 23:00:00
2019-12-09 13:40:32,117,kaggle,Радио работает хорошо,2020-01-15 23:00:00
2019-12-09 13:40:32,118,kaggle,Покупатель комиссию не оплачивает,2020-01-11 23:00:00
2019-12-09 13:40:32,119,kaggle,Дочь ломала руки,2020-01-13 23:00:00
2019-12-09 13:40:32,120,kaggle,Айфоном пользовалась девушка,2020-01-02 23:00:00
2019-12-09 13:40:32,121,kaggle,Стинол отлично работает,2020-01-31 23:00:00
2019-12-09 13:40:32,122,kaggle,Маняша тяжело вздыхает,2020-01-10 23:00:00
2019-12-09 13:40:32,123,kaggle,Эджи кивнула ребятам,2020-01-03 23:00:00
2019-12-09 13:40:32,124,kaggle,КПП работает хорошо,2020-01-26 23:00:00
2019-12-09 13:40:32,125,kaggle,Ответ обрадовал Ильсора,2020-01-24 23:00:00
2019-12-09 13:40:32,126,kaggle,Ноутбук хорошо держит заряд,2020-01-10 23:00:00
2019-12-09 13:40:32,127,kaggle,Вся продукция имеет установленные размеры,2020-01-18 23:00:00
2019-12-09 13:40:32,128,kaggle,Сзади есть небольшой шлейф,2020-01-03 23:00:00
2019-12-09 13:40:32,129,kaggle,Мины разрывались рядом,2020-01-12 23:00:00
2019-12-09 13:40:32,130,kaggle,Рядом лежала гитара,2020-01-03 23:00:00
2019-12-09 13:40:32,131,kaggle,Сергей разжал кулаки,2020-01-23 23:00:00
2019-12-09 13:40:32,132,kaggle,Брюки имеют съемные эластичные бретели,2020-01-14 23:00:00
2019-12-09 13:40:32,133,kaggle,Костры обозначают стоянки,2020-01-16 23:00:00
2019-12-09 13:40:32,134,kaggle,Володя перебежал площадь,2020-01-17 23:00:00
2019-12-09 13:40:32,135,kaggle,Аниска бросила полено,2020-01-21 23:00:00
2019-12-09 13:40:32,136,kaggle,Тут спит Костик,2020-01-29 23:00:00
2019-12-09 13:40:32,137,kaggle,Краны продаются отдельно,2020-01-09 23:00:00
2019-12-09 13:40:32,138,kaggle,Ребята запели песню,2020-01-28 23:00:00
2019-12-09 13:40:32,139,kaggle,Бретели регулируются пуговками,2020-01-12 23:00:00
2019-12-09 13:40:32,140,kaggle,Модели быстро заканчиваются,2020-01-28 23:00:00
2019-12-09 13:40:32,141,kaggle,Телевизор показывает супер,2020-01-19 23:00:00
2019-12-09 13:40:32,142,kaggle,Командор включил прожектор,2020-01-20 23:00:00
2019-12-09 13:40:32,143,kaggle,Надя отвела руку,2020-01-06 23:00:00
2019-12-09 13:40:32,144,kaggle,Книги продаются одним лотом,2020-01-24 23:00:00
2019-12-09 13:40:32,145,kaggle,КУ оплачивается отдельно,2020-01-19 23:00:00
2019-12-09 13:40:32,146,kaggle,Публика кинулась наутек,2020-01-15 23:00:00
2019-12-09 13:40:32,147,kaggle,Машина не требует вложений,2020-01-10 23:00:00
2019-12-09 13:40:32,148,kaggle,Машина эксплуатировалась бережно,2020-01-05 23:00:00
2019-12-09 13:40:32,149,kaggle,Фашисты бомбили Севастополь,2020-01-20 23:00:00
2019-12-09 13:40:32,150,kaggle,Спинка фиксируется эксцентриком,2020-01-09 23:00:00
2019-12-09 13:40:32,151,kaggle,Музыканты стояли молча,2020-01-22 23:00:00
2019-12-09 13:40:32,152,kaggle,Рукава одеваются отдельно,2020-01-16 23:00:00
2019-12-09 13:40:32,153,kaggle,Телефон имеет отличные характеристики,2020-01-09 23:00:00
2019-12-09 13:40:32,154,kaggle,Внешне есть небольшие жизненные потертости,2020-01-01 23:00:00
2019-12-09 13:40:32,155,kaggle,Брючины хорошо подворачиваются,2020-01-21 23:00:00
2019-12-09 13:40:32,156,kaggle,Разгрузку осуществляют наши грузчики,2020-01-21 23:00:00
2019-12-09 13:40:32,157,kaggle,КОТЯТА ПРОДАЮТСЯ ОЧЕНЬ БЫСТРО,2020-01-31 23:00:00
2019-12-09 13:40:32,158,kaggle,Плюшевые комочки ждут своих хозяев,2020-01-02 23:00:00
2019-12-09 13:40:32,159,kaggle,Плохо срабатывает передняя камера,2020-01-28 23:00:00
2019-12-09 13:40:32,160,kaggle,Ходом пошла вода,2020-01-15 23:00:00
2019-12-09 13:40:32,161,kaggle,Сборка оплачивается отдельно,2020-01-09 23:00:00
2019-12-09 13:40:32,162,kaggle,Комплект имеет светоотражающие элементы,2020-01-01 23:00:00
2019-12-09 13:40:32,163,kaggle,Мать была витринным образцом,2020-01-19 23:00:00
2019-12-09 13:40:32,164,kaggle,ЖЕЛЕЗНЫЙ ДРОВОСЕК СРЫВАЕТ РОЗУ,2020-01-11 23:00:00
2019-12-09 13:40:32,165,kaggle,Дети пошли дальше,2020-01-31 23:00:00
2019-12-09 13:40:32,166,kaggle,Платье не требует химчистки,2020-01-25 23:00:00
2019-12-09 13:40:32,167,kaggle,Камеры пашут отлично,2020-01-31 23:00:00
2019-12-09 13:40:32,168,kaggle,Машинисты ведут поезда,2020-01-30 23:00:00
2019-12-09 13:40:32,169,kaggle,Пес устремился наружу,2020-01-22 23:00:00
2019-12-09 13:40:32,170,kaggle,Каждая процедура программируется индивидуально,2020-01-23 23:00:00
2019-12-09 13:40:32,171,kaggle,Квартира имеет газовое поэтажное отопление,2020-01-29 23:00:00
2019-12-09 13:40:32,172,kaggle,Сладенькая девчонка ищет хозяев,2020-01-06 23:00:00
2019-12-09 13:40:32,173,kaggle,Модель выделяется изысканным дизайном,2020-01-24 23:00:00
2019-12-09 13:40:32,174,kaggle,Тут пришел Леша,2020-01-15 23:00:00
2019-12-09 13:40:32,175,kaggle,Бетси громко разрыдалась,2020-01-26 23:00:00
2019-12-09 13:40:32,176,kaggle,Диван раздвигается вперед,2020-01-10 23:00:00
2019-12-09 13:40:32,177,kaggle,Мальчик ищет девочку,2020-01-07 23:00:00
2019-12-09 13:40:32,178,kaggle,Рукава регулируется хлястиком,2020-01-11 23:00:00
2019-12-09 13:40:32,179,kaggle,Краски имеют природный шелковистый блеск,2020-01-27 23:00:00
2019-12-09 13:40:32,180,kaggle,Маляр подмигнул Феде,2020-01-25 23:00:00
2019-12-09 13:40:32,181,kaggle,Ребята двинулись следом,2020-01-30 23:00:00
2019-12-09 13:40:32,182,kaggle,Коробка работает идеально,2020-01-02 23:00:00
2019-12-09 13:40:32,183,kaggle,Пип прикусил язык,2020-01-01 23:00:00
2019-12-09 13:40:32,184,kaggle,Корсет регулируется шнуровкой,2020-01-04 23:00:00
2019-12-09 13:40:32,185,kaggle,АГЕНТ ЖИВЕТ РЯДОМ,2020-01-19 23:00:00
2019-12-09 13:40:32,186,kaggle,Хорошо украшает интерьер дома,2020-01-25 23:00:00
2019-12-09 13:40:32,187,kaggle,Рядом есть офисные помещения,2020-01-25 23:00:00
2019-12-09 13:40:32,188,kaggle,Николай пошёл домой,2020-01-21 23:00:00
2019-12-09 13:40:32,189,kaggle,Кожаный пояс приобретался отдельно,2020-01-17 23:00:00
2019-12-09 13:40:32,190,kaggle,Оснастка имеет цилиндрический хвостовик,2020-01-25 23:00:00
2019-12-09 13:40:32,191,kaggle,Цена обговаривается заранее,2020-01-17 23:00:00
2019-12-09 13:40:32,192,kaggle,Котик очень хочет девочку,2020-01-20 23:00:00
2019-12-09 13:40:32,193,kaggle,Бородачи заполнили двор,2020-01-24 23:00:00
2019-12-09 13:40:32,194,kaggle,Порри поднял излучатель,2020-01-03 23:00:00
2019-12-09 13:40:32,195,kaggle,Свет внутри горит,2020-01-24 23:00:00
2019-12-09 13:40:32,196,kaggle,Рядом есть платная парковка,2020-01-24 23:00:00
2019-12-09 13:40:32,197,kaggle,Смерч закружился медленнее,2020-01-09 23:00:00
2019-12-09 13:40:32,198,kaggle,Велотренажёр использовался немного,2020-01-20 23:00:00
2019-12-09 13:40:32,199,kaggle,Данное сукно обладает повышенной износоустойчивостью,2020-01-03 23:00:00
2019-12-09 13:40:32,200,kaggle,Рубинчик рекомендует йод,2020-01-11 23:00:00
2019-12-09 13:40:32,201,kaggle,Быстро набирает холод,2020-01-28 23:00:00
2019-12-09 13:40:32,202,kaggle,Шапочка закрывает ушки,2020-01-29 23:00:00
2019-12-09 13:40:32,203,kaggle,Чудик обнаружил клад,2020-01-02 23:00:00
2019-12-09 13:40:32,204,kaggle,Такой аксессуар станет прекрасным подарком,2020-01-21 23:00:00
2019-12-09 13:40:32,205,kaggle,Платформа компенсирует высокий каблук,2020-01-30 23:00:00
2019-12-09 13:40:32,206,kaggle,Коляска имеет оригинальный дизайн,2020-01-10 23:00:00
2019-12-09 13:40:32,207,kaggle,Вчера вызывал следователь,2020-01-04 23:00:00
2019-12-09 13:40:32,208,kaggle,Пересылки оплачивается отдельно,2020-01-07 23:00:00
2019-12-09 13:40:32,209,kaggle,Вся электрика работает отлично,2020-01-27 23:00:00
2019-12-09 13:40:32,210,kaggle,Сверху донесся топот,2020-01-07 23:00:00
2019-12-09 13:40:32,211,kaggle,Ткань напоминает крепдешин,2020-01-28 23:00:00
2019-12-09 13:40:32,212,kaggle,Молодой специалист ищет работу,2020-01-22 23:00:00
2019-12-09 13:40:32,213,kaggle,Угроза возымела действие,2020-01-14 23:00:00
2019-12-09 13:40:32,214,kaggle,Энн презрительно усмехнулась,2020-01-23 23:00:00
2019-12-09 13:40:32,215,kaggle,Пароварка работает отлично,2020-01-14 23:00:00
2019-12-09 13:40:32,216,kaggle,Крышки закрываются отлично,2020-01-24 23:00:00
2019-12-09 13:40:32,217,kaggle,Аппарат набирал скорость,2020-01-05 23:00:00
2019-12-09 13:40:32,218,kaggle,Коломыта сгибает руку,2020-01-09 23:00:00
2019-12-09 13:40:32,219,kaggle,Электрика работает отлично,2020-01-07 23:00:00
2019-12-09 13:40:32,220,kaggle,Девчата отвечали смешком,2020-01-28 23:00:00
2019-12-09 13:40:32,221,kaggle,Привод крутит отлично,2020-01-13 23:00:00
2019-12-09 13:40:32,222,kaggle,Дурнев затаил дыхание,2020-01-17 23:00:00
2019-12-09 13:40:32,223,kaggle,Шина имеет возможность нарезки,2020-01-17 23:00:00
2019-12-09 13:40:32,224,kaggle,Застежка хорошо работает,2020-01-30 23:00:00
2019-12-09 13:40:32,225,kaggle,Студент потер лоб,2020-01-27 23:00:00
2019-12-09 13:40:32,226,kaggle,Электроник покачал головой,2020-01-09 23:00:00
2019-12-09 13:40:32,227,kaggle,Пёс шагает рядом,2020-01-21 23:00:00
2019-12-09 13:40:32,228,kaggle,Наташа кивнула головой,2020-01-05 23:00:00
2019-12-09 13:40:32,229,kaggle,Девочка ждет своих хозяев,2020-01-07 23:00:00
2019-12-09 13:40:32,230,kaggle,Мама рожает самостоятельно,2020-01-25 23:00:00
2019-12-09 13:40:32,231,kaggle,Отлично морозит морозилка,2020-01-21 23:00:00
2019-12-09 13:40:32,232,kaggle,Ассортимент ноутбуков постоянно обновляется,2020-01-14 23:00:00
2019-12-09 13:40:32,233,kaggle,Опытный бухгалтер ищет работу,2020-01-09 23:00:00
2019-12-09 13:40:32,234,kaggle,Шофер отворил дверцу,2020-01-16 23:00:00
2019-12-09 13:40:32,235,kaggle,Старики любят тепло,2020-01-05 23:00:00
2019-12-09 13:40:32,236,kaggle,Яшка замахнулся дубинкой,2020-01-02 23:00:00
2019-12-09 13:40:32,237,kaggle,Всегда есть свободный вариант,2020-01-05 23:00:00
2019-12-09 13:40:32,238,kaggle,Игрушки разбираются очень быстро,2020-01-14 23:00:00
2019-12-09 13:40:32,239,kaggle,Филипп оглядывал комнату,2020-01-27 23:00:00
2019-12-09 13:40:32,240,kaggle,Стол имеет отверстие,2020-01-16 23:00:00
2019-12-09 13:40:32,241,kaggle,Иван сжал кулаки,2020-01-16 23:00:00
2019-12-09 13:40:32,242,kaggle,Страх открывает двери,2020-01-26 23:00:00
2019-12-09 13:40:32,243,kaggle,Новым хозяевам остается встроенная кухня,2020-01-28 23:00:00
2019-12-09 13:40:32,244,kaggle,Машинкой пользовалась девушка,2020-01-17 23:00:00
2019-12-09 13:40:32,245,kaggle,Звездочкин включил воспроизведение,2020-01-22 23:00:00
2019-12-09 13:40:32,246,kaggle,Шорты продаются отдельно,2020-01-07 23:00:00
2019-12-09 13:40:32,247,kaggle,Массажные головки имеют встроенный нагрев,2020-01-09 23:00:00
2019-12-09 13:40:32,248,kaggle,Тут случилось чудо,2020-01-11 23:00:00
2019-12-09 13:40:32,249,kaggle,Димка вышел вперед,2020-01-06 23:00:00
2019-12-09 13:40:32,250,kaggle,Федька отдернул руку,2020-01-25 23:00:00
2019-12-09 13:40:32,251,kaggle,Печь имеет безупречные технические характеристики,2020-01-21 23:00:00
2019-12-09 13:40:32,252,kaggle,Рубщик мяса ищет работу,2020-01-08 23:00:00
2019-12-09 13:40:32,253,kaggle,Сзади имеется потайная Молния,2020-01-02 23:00:00
2019-12-09 13:40:32,254,kaggle,Шурасик погрыз карандашик,2020-01-18 23:00:00
2019-12-09 13:40:32,255,kaggle,Время пролетит незаметно,2020-01-27 23:00:00
2019-12-09 13:40:32,256,kaggle,Болтовня унижает слово,2020-01-11 23:00:00
2019-12-09 13:40:32,257,kaggle,Монтаж кондиционера рассчитывается индивидуально,2020-01-23 23:00:00
2019-12-09 13:40:32,258,kaggle,Федя распахнул калитку,2020-01-03 23:00:00
2019-12-09 13:40:32,259,kaggle,Газ работает отлично,2020-01-20 23:00:00
2019-12-09 13:40:32,260,kaggle,Полицейский отпихнул собаку,2020-01-12 23:00:00
2019-12-09 13:40:32,261,kaggle,Там надрывался телефон,2020-01-23 23:00:00
2019-12-09 13:40:32,262,kaggle,Причина продажи занимает место,2020-01-11 23:00:00
2019-12-09 13:40:32,263,kaggle,Сергей пожал плечами,2020-01-21 23:00:00
2019-12-09 13:40:32,264,kaggle,Шофер отворил дверцу,2020-01-26 23:00:00
2019-12-09 13:40:32,265,kaggle,Колёса эксплуатировались мало,2020-01-08 23:00:00
2019-12-09 13:40:32,266,kaggle,Вадимка позавидовал ребятишкам,2020-01-11 23:00:00
2019-12-09 13:40:32,267,kaggle,Рядом строится сосед,2020-01-21 23:00:00
2019-12-09 13:40:32,268,kaggle,Реальному покупателю будет адекватный торг,2020-01-22 23:00:00
2019-12-09 13:40:32,269,kaggle,Транспортное средство работает отлично,2020-01-31 23:00:00
2019-12-09 13:40:32,270,kaggle,Сикорский мрачно слушал,2020-01-01 23:00:00
2019-12-09 13:40:32,271,kaggle,Урок проходит блестяще,2020-01-20 23:00:00
2019-12-09 13:40:32,272,kaggle,Клинт покачал головой,2020-01-29 23:00:00
2019-12-09 13:40:32,273,kaggle,Весь ассортимент прошел предпродажную подготовку,2020-01-28 23:00:00
2019-12-09 13:40:32,274,kaggle,Кондер работает отлично,2020-01-05 23:00:00
2019-12-09 13:40:32,275,kaggle,Найда любит детей,2020-01-04 23:00:00
2019-12-09 13:40:32,276,kaggle,Имеется очень большой подпол,2020-01-30 23:00:00
2019-12-09 13:40:32,277,kaggle,Котенок ищет хороших хозяев,2020-01-12 23:00:00
2019-12-09 13:40:32,278,kaggle,Приставка использовалась дома,2020-01-28 23:00:00
2019-12-09 13:40:32,279,kaggle,Рядом сдается садик,2020-01-23 23:00:00
2019-12-09 13:40:32,280,kaggle,Ступка запрягает Милку,2020-01-07 23:00:00
2019-12-09 13:40:32,281,kaggle,Матрас покупался отдельно,2020-01-03 23:00:00
2019-12-09 13:40:32,282,kaggle,Аккумулятор долго держит заряд,2020-01-06 23:00:00
2019-12-09 13:40:32,283,kaggle,Вещи носила одна девочка,2020-01-07 23:00:00
2019-12-09 13:40:32,284,kaggle,Цветочный рисунок просто притягивает внимание,2020-01-13 23:00:00
2019-12-09 13:40:32,285,kaggle,Рукава регулируется хлястиком,2020-01-18 23:00:00
2019-12-09 13:40:32,286,kaggle,Дальние поездки обсуждаются индивидуально,2020-01-11 23:00:00
2019-12-09 13:40:32,287,kaggle,Цена услуг формируется индивидуально,2020-01-15 23:00:00
2019-12-09 13:40:32,288,kaggle,Оптовые цены обговариваются индивидуально,2020-01-12 23:00:00
2019-12-09 13:40:32,289,kaggle,Шины идут бонусом,2020-01-03 23:00:00
2019-12-09 13:40:32,290,kaggle,Печка греет очень хорошо,2020-01-31 23:00:00
2019-12-09 13:40:32,291,kaggle,Ласковые котята ищут новый дом,2020-01-19 23:00:00
2019-12-09 13:40:32,292,kaggle,Кисюня ждет любиших родителей,2020-01-16 23:00:00
2019-12-09 13:40:32,293,kaggle,Щенок ест сухой корм,2020-01-21 23:00:00
2019-12-09 13:40:32,294,kaggle,Лупа хорошо увеличивает,2020-01-29 23:00:00
2019-12-09 13:40:32,295,kaggle,Саранча полетела дальше,2020-01-14 23:00:00
2019-12-09 13:40:32,296,kaggle,Обивка хорошо чистится,2020-01-26 23:00:00
2019-12-09 13:40:32,297,kaggle,Внутри есть тоненький подклад,2020-01-07 23:00:00
2019-12-09 13:40:32,298,kaggle,Здесь ютилась беднота,2020-01-18 23:00:00
2019-12-09 13:40:32,299,kaggle,Артем посветил фонариком,2020-01-18 23:00:00
2019-12-09 13:40:32,300,kaggle,Отделка велась белорусами,2020-01-15 23:00:00
2019-12-09 13:40:32,301,kaggle,Пароход медленно отчаливал,2020-01-29 23:00:00
2019-12-09 13:40:32,302,kaggle,Шея закрывается хорошо,2020-01-26 23:00:00
2019-12-09 13:40:32,303,kaggle,Отец развел руками,2020-01-04 23:00:00
2019-12-09 13:40:32,304,kaggle,Дракон спохватился поздно,2020-01-18 23:00:00
2019-12-09 13:40:32,305,kaggle,Собственный автопарк гарантирует своевременныебесперебойные поставки,2020-01-18 23:00:00
2019-12-09 13:40:32,306,kaggle,Костя протер глаза,2020-01-21 23:00:00
2019-12-09 13:40:32,307,kaggle,Ягун запрыгнул сзади,2020-01-23 23:00:00
2019-12-09 13:40:32,308,kaggle,Бригада кровельщиков ищем работу,2020-01-20 23:00:00
2019-12-09 13:40:32,309,kaggle,Козырек отпускается полностью,2020-01-08 23:00:00
2019-12-09 13:40:32,310,kaggle,Дыхание поднимало грудь,2020-01-16 23:00:00
2019-12-09 13:40:32,311,kaggle,Тел пашет идеально,2020-01-20 23:00:00
2019-12-09 13:40:32,312,kaggle,Камера холодильника работает хорошо,2020-01-14 23:00:00
2019-12-09 13:40:32,313,kaggle,Платье мягко облегает фигуру,2020-01-07 23:00:00
2019-12-09 13:40:32,314,kaggle,Колонки выдают отличное звучание,2020-01-06 23:00:00
2019-12-09 13:40:32,315,kaggle,Класс удивленно замер,2020-01-28 23:00:00
2019-12-09 13:40:32,316,kaggle,Рукава имеют защитные накладки,2020-01-11 23:00:00
2019-12-09 13:40:32,317,kaggle,Штаны отлично садятся,2020-01-27 23:00:00
2019-12-09 13:40:32,318,kaggle,Аккумулятор держит зарядку хорошо,2020-01-30 23:00:00
2019-12-09 13:40:32,319,kaggle,Стол ждет своего хозяина,2020-01-13 23:00:00
2019-12-09 13:40:32,320,kaggle,Директор внимательно слушал,2020-01-28 23:00:00
2019-12-09 13:40:32,321,kaggle,Ребёнок носил аккуратно,2020-01-05 23:00:00
2019-12-09 13:40:32,322,kaggle,Малыши загудели громче,2020-01-20 23:00:00
2019-12-09 13:40:32,323,kaggle,Датчик имеет синюю подсветку,2020-01-21 23:00:00
2019-12-09 13:40:32,324,kaggle,Материал напоминает плотный бархат,2020-01-10 23:00:00
2019-12-09 13:40:32,325,kaggle,Время прошло незаметно,2020-01-16 23:00:00
2019-12-09 13:40:32,326,kaggle,Забава шла впереди,2020-01-31 23:00:00
2019-12-09 13:40:32,327,kaggle,Передние колеса поворачиваются рулем,2020-01-06 23:00:00
2019-12-09 13:40:32,328,kaggle,Тренировки проводит квалифицированный тренер,2020-01-10 23:00:00
2019-12-09 13:40:32,329,kaggle,Котята прошли актировку клуба,2020-01-26 23:00:00
2019-12-09 13:40:32,330,kaggle,Берег отлично простреливался,2020-01-13 23:00:00
2019-12-09 13:40:32,331,kaggle,Резина отходила пару сезонов,2020-01-08 23:00:00
2019-12-09 13:40:32,332,kaggle,Володя пятился задом,2020-01-17 23:00:00
2019-12-09 13:40:32,333,kaggle,Титулованный кобель ждет невесту,2020-01-08 23:00:00
2019-12-09 13:40:32,334,kaggle,Рассходники менялись вовремя,2020-01-14 23:00:00
2019-12-09 13:40:32,335,kaggle,Доставка обговаривается индивидуально,2020-01-14 23:00:00
2019-12-09 13:40:32,336,kaggle,Заряд держится долго,2020-01-05 23:00:00
2019-12-09 13:40:32,337,kaggle,Семейная пара ищет работу,2020-01-04 23:00:00
2019-12-09 13:40:32,338,kaggle,Гарантия кончилась недавно,2020-01-10 23:00:00
2019-12-09 13:40:32,339,kaggle,Дверца имеет тройное остекление,2020-01-16 23:00:00
2019-12-09 13:40:32,340,kaggle,Сашук шагает дальше,2020-01-20 23:00:00
2019-12-09 13:40:32,341,kaggle,Телефон работает прекрасно,2020-01-17 23:00:00
2019-12-09 13:40:32,342,kaggle,Камень легко режет стекло,2020-01-08 23:00:00
2019-12-09 13:40:32,343,kaggle,Широкая подошва обладает отличной гибкостью,2020-01-22 23:00:00
2019-12-09 13:40:32,344,kaggle,Тепло регулируется газовым котлом,2020-01-05 23:00:00
2019-12-09 13:40:32,345,kaggle,Ручка обеспечивает нужную высоту,2020-01-04 23:00:00
2019-12-09 13:40:32,346,kaggle,Будни освещались коптилкой,2020-01-20 23:00:00
2019-12-09 13:40:32,347,kaggle,Гришка передернул плечами,2020-01-02 23:00:00
2019-12-09 13:40:32,348,kaggle,Дверь открыл дворник,2020-01-15 23:00:00
2019-12-09 13:40:32,349,kaggle,Антимикробное покрытие предотвращает появление запаха,2020-01-08 23:00:00
2019-12-09 13:40:32,350,kaggle,Свиридов позвал адъютанта,2020-01-07 23:00:00
2019-12-09 13:40:32,351,kaggle,Артемка шагнул вперед,2020-01-28 23:00:00
2019-12-09 13:40:32,352,kaggle,Елочки имеют сертификаты качества,2020-01-01 23:00:00
2019-12-09 13:40:32,353,kaggle,Трубку сняла женщина,2020-01-09 23:00:00
2019-12-09 13:40:32,354,kaggle,Шиншиллы не вызывают аллергию,2020-01-12 23:00:00
2019-12-09 13:40:32,355,kaggle,Бригада подсобников ищет работу,2020-01-21 23:00:00
2019-12-09 13:40:32,356,kaggle,Дополнительные стрелы продаются отдельно,2020-01-29 23:00:00
2019-12-09 13:40:32,357,kaggle,Семья купит дом,2020-01-31 23:00:00
2019-12-09 13:40:32,358,kaggle,Карасик стоял позади,2020-01-30 23:00:00
2019-12-09 13:40:32,359,kaggle,Люди любят зрелища,2020-01-17 23:00:00
2019-12-09 13:40:32,360,kaggle,Территория обсуждается отдельно,2020-01-19 23:00:00
2019-12-09 13:40:32,361,kaggle,Гурий покачал головой,2020-01-27 23:00:00
2019-12-09 13:40:32,362,kaggle,Приставка работает идеально,2020-01-15 23:00:00
2019-12-09 13:40:32,363,kaggle,Ибрагим останавливает коня,2020-01-25 23:00:00
2019-12-09 13:40:32,364,kaggle,Солдаты одобрительно загудели,2020-01-06 23:00:00
2019-12-09 13:40:32,365,kaggle,Внешняя камера работает отлично,2020-01-13 23:00:00
2019-12-09 13:40:32,366,kaggle,Алексей напрягает воображение,2020-01-27 23:00:00
2019-12-09 13:40:32,367,kaggle,Слово взял командир,2020-01-11 23:00:00
2019-12-09 13:40:32,368,kaggle,Вся необходимая инфраструктура находится рядом,2020-01-21 23:00:00
2019-12-09 13:40:32,369,kaggle,Платайс подмигнул Петрову,2020-01-27 23:00:00
2019-12-09 13:40:32,370,kaggle,Папа вернулся нескоро,2020-01-30 23:00:00
2019-12-09 13:40:32,371,kaggle,Лиза невольно улыбнулась,2020-01-11 23:00:00
2019-12-09 13:40:32,372,kaggle,Капюшон пристегивается молнией,2020-01-10 23:00:00
2019-12-09 13:40:32,373,kaggle,Резинки прилегают плотно,2020-01-15 23:00:00
2019-12-09 13:40:32,374,kaggle,Там командовал Андрюша,2020-01-26 23:00:00
2019-12-09 13:40:32,375,kaggle,Ночью шел снег,2020-01-20 23:00:00
2019-12-09 13:40:32,376,kaggle,Холода заводилась идеально,2020-01-17 23:00:00
2019-12-09 13:40:32,377,kaggle,Рядом проходит трехфазное электричество,2020-01-26 23:00:00
2019-12-09 13:40:32,378,kaggle,Сингалез назвал цену,2020-01-31 23:00:00
2019-12-09 13:40:32,379,kaggle,Пчелка потеряла сознание,2020-01-02 23:00:00
2019-12-09 13:40:32,380,kaggle,Пушистые малыши ищут заботливых хозяев,2020-01-06 23:00:00
2019-12-09 13:40:32,381,kaggle,РЫЖОНКА ДОМОЙ ПРИШЛА,2020-01-26 23:00:00
2019-12-09 13:40:32,382,kaggle,Рукавчик регулируется липучкой,2020-01-14 23:00:00
2019-12-09 13:40:32,383,kaggle,Палло достал ракетницу,2020-01-26 23:00:00
2019-12-09 13:40:32,384,kaggle,Котенок вырастет крупным котом,2020-01-12 23:00:00
2019-12-09 13:40:32,385,kaggle,Воротник делается стойкой,2020-01-15 23:00:00
2019-12-09 13:40:32,386,kaggle,Автомобиль продается официльным дилером,2020-01-15 23:00:00
2019-12-09 13:40:32,387,kaggle,Британская кошечка ищет заботливых хозяев,2020-01-25 23:00:00
2019-12-09 13:40:32,388,kaggle,Постоянно есть новые работы,2020-01-30 23:00:00
2019-12-09 13:40:32,389,kaggle,Фото искажает реальный цвет,2020-01-10 23:00:00
2019-12-09 13:40:32,390,kaggle,Корнилов повторил движение,2020-01-25 23:00:00
2019-12-09 13:40:32,391,kaggle,Фасон платья скрадывает недостатки,2020-01-03 23:00:00
2019-12-09 13:40:32,392,kaggle,Барни лег опять,2020-01-25 23:00:00
2019-12-09 13:40:32,393,kaggle,Причина продажи беру Сонату,2020-01-15 23:00:00
2019-12-09 13:40:32,394,kaggle,Ночь наступила быстро,2020-01-28 23:00:00
2019-12-09 13:40:32,395,kaggle,Отец долго молчал,2020-01-17 23:00:00
2019-12-09 13:40:32,396,kaggle,Телефон очень искажает качество,2020-01-04 23:00:00
2019-12-09 13:40:32,397,kaggle,Лена прибавила громкость,2020-01-24 23:00:00
2019-12-09 13:40:32,398,kaggle,Таня поставила блюдце,2020-01-27 23:00:00
2019-12-09 13:40:32,399,kaggle,Цена оговаривается сразу,2020-01-31 23:00:00
2019-12-09 13:40:32,400,kaggle,Дом охраняется полицией,2020-01-12 23:00:00
2019-12-09 13:40:32,401,kaggle,Саша покорно отвечает,2020-01-11 23:00:00
2019-12-09 13:40:32,402,kaggle,Семья снимут дом,2020-01-28 23:00:00
2019-12-09 13:40:32,403,kaggle,Жан стиснул зубы,2020-01-08 23:00:00
2019-12-09 13:40:32,404,kaggle,Красивые волны подчеркивают женственнось,2020-01-19 23:00:00
2019-12-09 13:40:32,405,kaggle,Диана подняла голову,2020-01-09 23:00:00
2019-12-09 13:40:32,406,kaggle,Мама осмотрела рану,2020-01-07 23:00:00
2019-12-09 13:40:32,407,kaggle,Юля молча кивнула,2020-01-17 23:00:00
2019-12-09 13:40:32,408,kaggle,Фильм делается долго,2020-01-26 23:00:00
2019-12-09 13:40:32,409,kaggle,Молодая хориха ищет опытного мужа,2020-01-26 23:00:00
2019-12-09 13:40:32,410,kaggle,Надежная гарантия три мес,2020-01-14 23:00:00
2019-12-09 13:40:32,411,kaggle,Сорокин нахлобучивал фуражку,2020-01-13 23:00:00
2019-12-09 13:40:32,412,kaggle,Наименование бренда гарантирует качество,2020-01-31 23:00:00
2019-12-09 13:40:32,413,kaggle,Такие заплатки использует наша мастерская,2020-01-22 23:00:00
2019-12-09 13:40:32,414,kaggle,Сын носил мало,2020-01-15 23:00:00
2019-12-09 13:40:32,415,kaggle,Пианино снимается отдельно,2020-01-05 23:00:00
2019-12-09 13:40:32,416,kaggle,Такое оформление оттенит классический интерьер,2020-01-31 23:00:00
2019-12-09 13:40:32,417,kaggle,Автомат переключается идеально,2020-01-25 23:00:00
2019-12-09 13:40:32,418,kaggle,Клавиатура имеет подсветку,2020-01-10 23:00:00
2019-12-09 13:40:32,419,kaggle,Музыканты стояли молча,2020-01-11 23:00:00
2019-12-09 13:40:32,420,kaggle,Барни улегся опять,2020-01-25 23:00:00
2019-12-09 13:40:32,421,kaggle,Опытная бригада ищем работу,2020-01-09 23:00:00
2019-12-09 13:40:32,422,kaggle,Боди надевали пару раз,2020-01-22 23:00:00
2019-12-09 13:40:32,423,kaggle,Лифт всегда работает,2020-01-02 23:00:00
2019-12-09 13:40:32,424,kaggle,Опора приобретается отдельно,2020-01-08 23:00:00
2019-12-09 13:40:32,425,kaggle,Видоискатель имеет трехкратное увеличение,2020-01-08 23:00:00
2019-12-09 13:40:32,426,kaggle,Автомобиль оставит приятные впечатление,2020-01-20 23:00:00
2019-12-09 13:40:32,427,kaggle,Специалист уложит КЕРАМИЧЕСКУЮ ПЛИТКУ,2020-01-31 23:00:00
2019-12-09 13:40:32,428,kaggle,Директор ломал руки,2020-01-23 23:00:00
2019-12-09 13:40:32,429,kaggle,Наперсток пожал плечами,2020-01-31 23:00:00
2019-12-09 13:40:32,430,kaggle,Собаки наддали лаю,2020-01-02 23:00:00
2019-12-09 13:40:32,431,kaggle,Витрина имеет подсветку,2020-01-18 23:00:00
2019-12-09 13:40:32,432,kaggle,Туфли имеют профилактическую стельку,2020-01-29 23:00:00
2019-12-09 13:40:32,433,kaggle,Рубашка фирмы Буду Мамой,2020-01-08 23:00:00
2019-12-09 13:40:32,434,kaggle,Валялкин покачал головой,2020-01-16 23:00:00
2019-12-09 13:40:32,435,kaggle,Тренер покачал головой,2020-01-08 23:00:00
2019-12-09 13:40:32,436,kaggle,Мама погасила свет,2020-01-28 23:00:00
2019-12-09 13:40:32,437,kaggle,Шапочка отлично тянется,2020-01-28 23:00:00
2019-12-09 13:40:32,438,kaggle,Каждый чехол делается индивидуально,2020-01-07 23:00:00
2019-12-09 13:40:32,439,kaggle,Пересылка оплачивается отдельно,2020-01-27 23:00:00
2019-12-09 13:40:32,440,kaggle,Мальчики ждут своих хозяев,2020-01-02 23:00:00
2019-12-09 13:40:32,441,kaggle,Телефон смотрится очень круто,2020-01-28 23:00:00
2019-12-09 13:40:32,442,kaggle,Уважаемые коллеги ищем надежных партнеров,2020-01-01 23:00:00
2019-12-09 13:40:32,443,kaggle,Грязи машина не видела,2020-01-10 23:00:00
2019-12-09 13:40:32,444,kaggle,Цена обсуждается индивидуально,2020-01-16 23:00:00
2019-12-09 13:40:32,445,kaggle,Максик молча кивнул,2020-01-30 23:00:00
2019-12-09 13:40:32,446,kaggle,Усилитель требует ремонт,2020-01-16 23:00:00
2019-12-09 13:40:32,447,kaggle,Вилка имеет возможность блокировки,2020-01-03 23:00:00
2019-12-09 13:40:32,448,kaggle,Кузя ищет дом,2020-01-19 23:00:00
2019-12-09 13:40:32,449,kaggle,Молоденькая Канадочка ищет жениха,2020-01-26 23:00:00
2019-12-09 13:40:32,450,kaggle,Клавиатура имеет английскую раскладку,2020-01-21 23:00:00
2019-12-09 13:40:32,451,kaggle,Ласковый малыш ждут своих хозяев,2020-01-19 23:00:00
2019-12-09 13:40:32,452,kaggle,Хор гремел победно,2020-01-24 23:00:00
2019-12-09 13:40:32,453,kaggle,Тут заговорил Юлий,2020-01-16 23:00:00
2019-12-09 13:40:32,454,kaggle,Внутрь вставляется тёплый валеночек,2020-01-16 23:00:00
2019-12-09 13:40:32,455,kaggle,Чистокровные котята ищут новый дом,2020-01-25 23:00:00
2019-12-09 13:40:32,456,kaggle,Мысок имеет округлую форму,2020-01-07 23:00:00
2019-12-09 13:40:32,457,kaggle,Одежда продается пакетом,2020-01-16 23:00:00
2019-12-09 13:40:32,458,kaggle,Вещи ждут хозяйку,2020-01-20 23:00:00
2019-12-09 13:40:32,459,kaggle,Джулиан выключил свет,2020-01-08 23:00:00
2019-12-09 13:40:32,460,kaggle,Шины прошли один сезон,2020-01-17 23:00:00
2019-12-09 13:40:32,461,kaggle,Коньки одевал мальчик,2020-01-10 23:00:00
2019-12-09 13:40:32,462,kaggle,Работы оформляются договором,2020-01-04 23:00:00
2019-12-09 13:40:32,463,kaggle,Друзья пошли дальше,2020-01-10 23:00:00
2019-12-09 13:40:32,464,kaggle,Родители имеют родосл,2020-01-07 23:00:00
2019-12-09 13:40:32,465,kaggle,Берег отлично простреливался,2020-01-01 23:00:00
2019-12-09 13:40:32,466,kaggle,Лямка сверху регулируется,2020-01-24 23:00:00
2019-12-09 13:40:32,467,kaggle,Эта серия красиво подчеркивает фигуру,2020-01-07 23:00:00
2019-12-09 13:40:32,468,kaggle,Белочка проглотила слюну,2020-01-01 23:00:00
2019-12-09 13:40:32,469,kaggle,Рядом проживают хорошие соседи,2020-01-11 23:00:00
2019-12-09 13:40:32,470,kaggle,Размер регулируется замками,2020-01-25 23:00:00
2019-12-09 13:40:32,471,kaggle,Фроська дернула плечом,2020-01-21 23:00:00
2019-12-09 13:40:32,472,kaggle,Плащ имеет тигровые вставки,2020-01-12 23:00:00
2019-12-09 13:40:32,473,kaggle,Специальная спинка гарантирует правильную осанку,2020-01-06 23:00:00
2019-12-09 13:40:32,474,kaggle,Мальчишка пристроился неподалеку,2020-01-02 23:00:00
2019-12-09 13:40:32,475,kaggle,Сушка производится подогретым воздухом,2020-01-10 23:00:00
2019-12-09 13:40:32,476,kaggle,Размер регулируется кулиской,2020-01-17 23:00:00
2019-12-09 13:40:32,477,kaggle,Будущее не знает пощады,2020-01-21 23:00:00
2019-12-09 13:40:32,478,kaggle,Малыши имеют хорошие корни,2020-01-16 23:00:00
2019-12-09 13:40:32,479,kaggle,Обучение проходит индивидуально,2020-01-29 23:00:00
2019-12-09 13:40:32,480,kaggle,Ребята невольно вздрогнули,2020-01-14 23:00:00
2019-12-09 13:40:32,481,kaggle,Юля молча кивнула,2020-01-17 23:00:00
2019-12-09 13:40:32,482,kaggle,Человечки одобрительно загудели,2020-01-23 23:00:00
2019-12-09 13:40:32,483,kaggle,Душа покинула город,2020-01-27 23:00:00
2019-12-09 13:40:32,484,kaggle,Аниска отвела глаза,2020-01-06 23:00:00
2019-12-09 13:40:32,485,kaggle,Тодик испуганно замолчал,2020-01-02 23:00:00
2019-12-09 13:40:32,486,kaggle,Рог является кнопкой,2020-01-24 23:00:00
2019-12-09 13:40:32,487,kaggle,Длина ремня регулируется пряжкой,2020-01-20 23:00:00
2019-12-09 13:40:32,488,kaggle,Фермерское хозяйство реализует молочную продукцию,2020-01-10 23:00:00
2019-12-09 13:40:32,489,kaggle,Эрн снова услышал шум,2020-01-19 23:00:00
2019-12-09 13:40:32,490,kaggle,Очаровательная кошечка ищет хозяев,2020-01-25 23:00:00
2019-12-09 13:40:32,491,kaggle,Масла меняли недавно,2020-01-11 23:00:00
2019-12-09 13:40:32,492,kaggle,Стойка не требует креплений,2020-01-26 23:00:00
2019-12-09 13:40:32,493,kaggle,Мальчики обладают прекрасными породными данными,2020-01-02 23:00:00
2019-12-09 13:40:32,494,kaggle,Изделие сопровождает сертификат идентичности,2020-01-24 23:00:00
2019-12-09 13:40:32,495,kaggle,Кошки ищут хозяина,2020-01-29 23:00:00
2019-12-09 13:40:32,496,kaggle,Колеса отъездили пол сезона,2020-01-23 23:00:00
2019-12-09 13:40:32,497,kaggle,Техника прошла обязательную предпродажную подготовку,2020-01-14 23:00:00
2019-12-09 13:40:32,498,kaggle,Лягушонок думал долго,2020-01-18 23:00:00
2019-12-09 13:40:32,499,kaggle,Грузчики предоставляются бесплатно,2020-01-09 23:00:00
2019-12-09 13:40:32,500,kaggle,Липучки хорошо держат ножку,2020-01-04 23:00:00
2019-12-09 13:40:32,501,kaggle,Рядом проезжает 77маршрутка,2020-01-13 23:00:00
