LoadDateTimeStamp,user_id,RecordSource,full_name,UserStatus,e-mail
2019-12-09 13:40:32,1,kaggle,ДЕНИСОВ САМВЕЛ АНАТОЛЬЕВИЧ,1,sanitary6@mail.ru
2019-12-09 13:40:32,2,kaggle,СИМОНОВ АЛИК АЛИЕВИЧ,1,Pembroke86@yandex.ru
2019-12-09 13:40:32,3,kaggle,КУЗНЕЦОВ ТИМОФЕЙ ГЕОРГИЕВИЧ,1,silhouette31@mail.ru
2019-12-09 13:40:32,4,kaggle,САМОЙЛОВА АЛИЯ ГЕОРГИЕВНА,1,claimant@yandex.ru
2019-12-09 13:40:32,5,kaggle,ТРОФИМОВА МАРИАННА АЛИЕВНА,1,Maseru@list.ru
2019-12-09 13:40:32,6,kaggle,ШАКИРОВА ЭЛЬЗА ГРИГОРЬЕВНА,1,heartrending112@list.ru
2019-12-09 13:40:32,7,kaggle,КАЗАКОВА ТАИСИЯ ВЛАДИМИРОВНА,1,Powell52@mail.ru
2019-12-09 13:40:32,8,kaggle,СОЛОВЬЕВ МАГОМЕД АНАТОЛЬЕВИЧ,1,meld359@gmail.com
2019-12-09 13:40:32,9,kaggle,ЮДИНА ЭЛЕОНОРА РАВИЛЕВНА,1,fled23@gmail.com
2019-12-09 13:40:32,10,kaggle,ШЕСТАКОВ ВЛАДИМИР РАДИКОВИЧ,1,Rubaiyat9@gmail.com
2019-12-09 13:40:32,11,kaggle,ДАНИЛОВА ИЛЬМИРА РИНАТОВНА,1,wishful691@mail.ru
2019-12-09 13:40:32,12,kaggle,МОРОЗОВА ВИКТОРИЯ КОНСТАНТИНОВНА,1,sandy@list.ru
2019-12-09 13:40:32,13,kaggle,АВДЕЕВА АЛЕСЯ АНАТОЛЬЕВНА,1,querulous@list.ru
2019-12-09 13:40:32,14,kaggle,ТЕРЕНТЬЕВ ТИМУР ГЕРМАНОВИЧ,1,swordtail@gmail.com
2019-12-09 13:40:32,15,kaggle,ЕМЕЛЬЯНОВ ИЛЬНУР СТАНИСЛАВОВИЧ,1,tenuous090@list.ru
2019-12-09 13:40:32,16,kaggle,ИСАКОВ ЗАУР ОЛЕГОВИЧ,1,Siena@gmail.com
2019-12-09 13:40:32,17,kaggle,МАТВЕЕВА СОФЬЯ ВАСИЛЬЕВНА,1,sine7@mail.ru
2019-12-09 13:40:32,18,kaggle,ЧЕРНЫШОВА АЛЕСЯ АФАНАСЬЕВНА,1,Cartesian5@list.ru
2019-12-09 13:40:32,19,kaggle,ПОЗДНЯКОВА ЭММА ЛЕОНИДОВНА,1,junkerdom@yandex.ru
2019-12-09 13:40:32,20,kaggle,ФЕДОТОВА ЭЛЬМИРА РАШИДОВНА,1,crosscut@yandex.ru
2019-12-09 13:40:32,21,kaggle,АЛЕКСАНДРОВА ГАЛИЯ РАМАЗАНОВНА,1,experimentation816@list.ru
2019-12-09 13:40:32,22,kaggle,БЕЛОУСОВ ГЛЕБ ИВАНОВИЧ,1,newsman3@list.ru
2019-12-09 13:40:32,23,kaggle,ЛЕВИНА РОЗА РОБЕРТОВНА,1,shadflower8@mail.ru
2019-12-09 13:40:32,24,kaggle,СИМОНОВ ДАНИИЛ ИВАНОВИЧ,1,Tyler@list.ru
2019-12-09 13:40:32,25,kaggle,ГОЛУБЕВ КАРЕН ФАРИТОВИЧ,1,pinkish466@mail.ru
2019-12-09 13:40:32,26,kaggle,ЛЫСЕНКО РУСЛАН ВЛАДИСЛАВОВИЧ,1,gawk@gmail.com
2019-12-09 13:40:32,27,kaggle,МИШИН ЛЕВ ВЛАДИМИРОВИЧ,1,goodwill57@mail.ru
2019-12-09 13:40:32,28,kaggle,АКОПЯН АШОТ ГЕННАДЬЕВИЧ,1,Thayer37@mail.ru
2019-12-09 13:40:32,29,kaggle,ЛЕВИНА АЛИСА ВИТАЛЬЕВНА,1,clandestine@mail.ru
2019-12-09 13:40:32,30,kaggle,ГОЛУБЕВА ЛЮБОВЬ АРКАДЬЕВНА,1,tint23@list.ru
2019-12-09 13:40:32,31,kaggle,ЖУРАВЛЕВА ЛИЛИЯ СЕМЕНОВНА,1,pollution9@list.ru
2019-12-09 13:40:32,32,kaggle,БЕЛЯКОВ ЛЕВ РАФИКОВИЧ,1,Salisbury@list.ru
2019-12-09 13:40:32,33,kaggle,КУДРЯВЦЕВА АЛЬФИЯ КОНСТАНТИНОВНА,1,geld8@mail.ru
2019-12-09 13:40:32,34,kaggle,КОЛЕСНИКОВА ОКСАНА ГЕННАДЬЕВНА,1,Dante@gmail.com
2019-12-09 13:40:32,35,kaggle,КУЛИКОВА ЗАРИНА ВАСИЛЬЕВНА,1,Posner63@gmail.com
2019-12-09 13:40:32,36,kaggle,КОВАЛЕНКО РЕГИНА ДАМИРОВНА,1,tine3@yandex.ru
2019-12-09 13:40:32,37,kaggle,МОИСЕЕВА ЛЮДМИЛА ХАСАНОВНА,1,statesman00@mail.ru
2019-12-09 13:40:32,38,kaggle,ГОРДЕЕВ ВАСИЛИЙ ИОСИФОВИЧ,1,Galatea216@list.ru
2019-12-09 13:40:32,39,kaggle,РУМЯНЦЕВА ЭЛЬМИРА МАГОМЕДОВНА,1,canopy33@yandex.ru
2019-12-09 13:40:32,40,kaggle,СИДОРОВА ДИАНА ЕФИМОВНА,1,operand26@list.ru
2019-12-09 13:40:32,41,kaggle,САФРОНОВ АРТЕМ ВАЛЕРИЕВИЧ,1,slogging167@gmail.com
2019-12-09 13:40:32,42,kaggle,БУЛАТОВА АНЖЕЛИКА РАФИКОВНА,1,Cummins305@yandex.ru
2019-12-09 13:40:32,43,kaggle,ТРЕТЬЯКОВ ЛЕОНИД АРТУРОВИЧ,1,Montclair@gmail.com
2019-12-09 13:40:32,44,kaggle,САМОЙЛОВ ЯН ЯКОВЛЕВИЧ,1,turret75@list.ru
2019-12-09 13:40:32,45,kaggle,ЕФИМОВА ЕЛИЗАВЕТА ВАДИМОВНА,1,minor03@yandex.ru
2019-12-09 13:40:32,46,kaggle,ПОТАПОВ ГРИГОРИЙ ФАРИТОВИЧ,1,previous865@gmail.com
2019-12-09 13:40:32,47,kaggle,СЕЛЕЗНЕВА МАЙЯ КИРИЛЛОВНА,1,raptorial@mail.ru
2019-12-09 13:40:32,48,kaggle,ЧЕРНОВ СТЕПАН ГЕРМАНОВИЧ,1,Signor@list.ru
2019-12-09 13:40:32,49,kaggle,ЧЕРНЫХ КЛАВДИЯ РАФАИЛОВНА,1,mass@mail.ru
2019-12-09 13:40:32,50,kaggle,ХАСАНОВ РОМАН АШОТОВИЧ,1,Salvatore0@mail.ru
2019-12-09 13:40:32,51,kaggle,КУЛАКОВА ЗАЛИНА РУСЛАНОВНА,1,cub@mail.ru
2019-12-09 13:40:32,52,kaggle,КАРПОВ РОБЕРТ МАГОМЕДОВИЧ,1,consignor10@gmail.com
2019-12-09 13:40:32,53,kaggle,ЛАРИН ДАНИЛА АРКАДЬЕВИЧ,1,loosen@mail.ru
2019-12-09 13:40:32,54,kaggle,КОНДРАТЬЕВА ЭЛЬЗА ГЕРМАНОВНА,1,summit@yandex.ru
2019-12-09 13:40:32,55,kaggle,ПАНИН ЕГОР ФЁДОРОВИЧ,1,kitty62@list.ru
2019-12-09 13:40:32,56,kaggle,ВЛАСОВА СОФИЯ ЯКОВЛЕВНА,1,Whipple40@mail.ru
2019-12-09 13:40:32,57,kaggle,СОЛОВЬЕВА ИЛЬМИРА ТИМОФЕЕВНА,1,O'Dell1@list.ru
2019-12-09 13:40:32,58,kaggle,БЕЛЯЕВ ИЛЬНУР ТИМОФЕЕВИЧ,1,sawtooth142@mail.ru
2019-12-09 13:40:32,59,kaggle,АЛИЕВ ВЛАДИМИР ГЕОРГИЕВИЧ,1,Winnipeg7@gmail.com
2019-12-09 13:40:32,60,kaggle,МАРКИНА НЕЛЛИ ИГОРЕВНА,1,spillover254@mail.ru
2019-12-09 13:40:32,61,kaggle,ЛЕБЕДЕВ ВАСИЛИЙ АНВАРОВИЧ,1,inborn2@yandex.ru
2019-12-09 13:40:32,62,kaggle,ЕРМОЛАЕВ АЛИК РАМИЛЕВИЧ,1,declassify93@mail.ru
2019-12-09 13:40:32,63,kaggle,САФОНОВ РОБЕРТ РАМИЛЕВИЧ,1,promenade73@list.ru
2019-12-09 13:40:32,64,kaggle,ПЕТРОВ МУРАТ ФЁДОРОВИЧ,1,monument@mail.ru
2019-12-09 13:40:32,65,kaggle,АФАНАСЬЕВА ВИКТОРИЯ МАГОМЕДОВНА,1,salmon76@gmail.com
2019-12-09 13:40:32,66,kaggle,ВАСИЛЬЕВ РИНАТ ТИМОФЕЕВИЧ,1,landlubber216@mail.ru
2019-12-09 13:40:32,67,kaggle,ЖДАНОВ ЯКОВ ГЕРМАНОВИЧ,1,claustrophobic72@gmail.com
2019-12-09 13:40:32,68,kaggle,СЕМЕНОВ АЛИК ПЕТРОВИЧ,1,paranoia02@yandex.ru
2019-12-09 13:40:32,69,kaggle,ИСАЕВ АЙРАТ ИОСИФОВИЧ,1,thereto9@list.ru
2019-12-09 13:40:32,70,kaggle,НОВОСЕЛОВА МАРИНА ИННОКЕНТЬЕВНА,1,germicidal@mail.ru
2019-12-09 13:40:32,71,kaggle,ЧЕРНЫШОВА ЗАРЕМА ПАВЛОВНА,1,dirt08@mail.ru
2019-12-09 13:40:32,72,kaggle,ГОРДЕЕВА ЕЛЕНА АНТОНОВНА,1,TTY32@yandex.ru
2019-12-09 13:40:32,73,kaggle,КОЖЕВНИКОВА ГАЛИЯ ВЯЧЕСЛАВОВНА,1,menstruate@yandex.ru
2019-12-09 13:40:32,74,kaggle,ХАСАНОВ РАДИК РАШИДОВИЧ,1,selves@mail.ru
2019-12-09 13:40:32,75,kaggle,КОНДРАТЬЕВ РАМИЛЬ АШОТОВИЧ,1,cordial@gmail.com
2019-12-09 13:40:32,76,kaggle,САМСОНОВА КЛАВДИЯ ПЕТРОВНА,1,stasis@gmail.com
2019-12-09 13:40:32,77,kaggle,КОСТИНА КРИСТИНА ВЛАДИМИРОВНА,1,impertinent435@mail.ru
2019-12-09 13:40:32,78,kaggle,КРАСНОВА ОКСАНА ДМИТРИЕВНА,1,enzymatic3@gmail.com
2019-12-09 13:40:32,79,kaggle,ИСАКОВА АЛЕКСАНДРА ЕГОРОВНА,1,utopian53@list.ru
2019-12-09 13:40:32,80,kaggle,БАЖЕНОВА МАЙЯ ПЕТРОВНА,1,systematic234@mail.ru
2019-12-09 13:40:32,81,kaggle,ГОЛОВИНА ЛИДИЯ ГЕРМАНОВНА,1,Mollie31@yandex.ru
2019-12-09 13:40:32,82,kaggle,ФИЛАТОВА МАРИЯ ДАНИЛОВНА,1,firefly80@yandex.ru
2019-12-09 13:40:32,83,kaggle,КИСЕЛЕВА ВЕНЕРА ЯКОВЛЕВНА,1,Amman7@yandex.ru
2019-12-09 13:40:32,84,kaggle,БЕЛОУСОВА ЛУИЗА ГАВРИЛОВНА,1,pooh4@mail.ru
2019-12-09 13:40:32,85,kaggle,ИЛЬИН ГЕРМАН ПАВЛОВИЧ,1,collapsible659@gmail.com
2019-12-09 13:40:32,86,kaggle,ЛОГИНОВ ГЛЕБ РОБЕРТОВИЧ,1,myrrh262@yandex.ru
2019-12-09 13:40:32,87,kaggle,СЕЛЕЗНЕВ МАРСЕЛЬ ВАДИМОВИЧ,1,bottom571@mail.ru
2019-12-09 13:40:32,88,kaggle,ЛАРИН РУСТЕМ МАГОМЕДОВИЧ,1,parachute4@list.ru
2019-12-09 13:40:32,89,kaggle,НИКОЛАЕВ АЛМАЗ РАФИКОВИЧ,1,lose557@mail.ru
2019-12-09 13:40:32,90,kaggle,СЕЛЕЗНЕВ ЭДУАРД РОБЕРТОВИЧ,1,guerrilla56@mail.ru
2019-12-09 13:40:32,91,kaggle,ТИХОНОВА ГУЗЕЛЬ ГЕРМАНОВНА,1,bouncy33@gmail.com
2019-12-09 13:40:32,92,kaggle,КОВАЛЕНКО ИЛЬМИРА ВАЛЕРЬЕВНА,1,canon98@gmail.com
2019-12-09 13:40:32,93,kaggle,ЖДАНОВ ВАЛЕРИЙ АЛИЕВИЧ,1,sideway3@mail.ru
2019-12-09 13:40:32,94,kaggle,ЗУБКОВА ЕВГЕНИЯ ИЛЬИНИЧНА,1,populist2@list.ru
2019-12-09 13:40:32,95,kaggle,СУЛТАНОВА ЛУИЗА СТЕПАНОВНА,1,lava3@mail.ru
2019-12-09 13:40:32,96,kaggle,ЧЕРНЫШОВА ИРИНА РАМАЗАНОВНА,1,slowdown10@yandex.ru
2019-12-09 13:40:32,97,kaggle,МОНГУШ ДИНАРА АЛЕКСАНДРОВНА,1,worsen905@mail.ru
2019-12-09 13:40:32,98,kaggle,ЮСУПОВА ЛИДИЯ МУХАМЕДОВНА,1,abysmal5@yandex.ru
2019-12-09 13:40:32,99,kaggle,БОГДАНОВА АЛЕВТИНА ЕГОРОВНА,1,sen10@gmail.com
2019-12-09 13:40:32,100,kaggle,САВЧЕНКО ЕКАТЕРИНА ДМИТРИЕВНА,1,offshore58@mail.ru
2019-12-09 13:40:32,101,kaggle,НАЗАРОВ ВИТАЛИЙ АНТОНОВИЧ,1,monstrosity@gmail.com
2019-12-09 13:40:32,102,kaggle,МИХАЙЛОВ СВЯТОСЛАВ СТАНИСЛАВОВИЧ,1,Danny@yandex.ru
2019-12-09 13:40:32,103,kaggle,ЛЕОНТЬЕВ ИГОРЬ ГЕННАДИЕВИЧ,1,shipbuild@yandex.ru
2019-12-09 13:40:32,104,kaggle,ПАХОМОВА ЕЛЕНА ВЯЧЕСЛАВОВНА,1,Eldon143@mail.ru
2019-12-09 13:40:32,105,kaggle,ТИМОФЕЕВ ЯРОСЛАВ ГРИГОРЬЕВИЧ,1,Punic2@gmail.com
2019-12-09 13:40:32,106,kaggle,ЧЕРНИКОВА НИНА АЛЬБЕРТОВНА,1,Mohammed@list.ru
2019-12-09 13:40:32,107,kaggle,МЕЛЬНИКОВ ПАВЕЛ СЕМЕНОВИЧ,1,adverbial07@yandex.ru
2019-12-09 13:40:32,108,kaggle,АЛЕКСЕЕВ ВАСИЛИЙ ДАМИРОВИЧ,1,foxhole450@mail.ru
2019-12-09 13:40:32,109,kaggle,ДЕГТЯРЕВА ФАТИМА СЕРГЕЕВНА,1,angelfish54@mail.ru
2019-12-09 13:40:32,110,kaggle,АНДРЕЕВА РАИСА АНДРЕЕВНА,1,cupful@list.ru
2019-12-09 13:40:32,111,kaggle,ТОКАРЕВА МАДИНА РАФИКОВНА,1,linkage64@list.ru
2019-12-09 13:40:32,112,kaggle,МИРОНОВ ФИЛИПП АЛЕКСЕЕВИЧ,1,Botswana@gmail.com
2019-12-09 13:40:32,113,kaggle,ЕРЕМЕЕВА ЛИАНА ИВАНОВНА,1,Aitken4@yandex.ru
2019-12-09 13:40:32,114,kaggle,ВОРОНИНА АНАСТАСИЯ ВАСИЛЬЕВНА,1,illiteracy938@mail.ru
2019-12-09 13:40:32,115,kaggle,ГОРШКОВ НИКИТА АЛЕКСАНДРОВИЧ,1,flatulent09@yandex.ru
2019-12-09 13:40:32,116,kaggle,БИРЮКОВ АРКАДИЙ АЛИЕВИЧ,1,excruciate@gmail.com
2019-12-09 13:40:32,117,kaggle,ГОРБАЧЕВ ДАНИЛА ЛЕОНИДОВИЧ,1,ornamentation73@list.ru
2019-12-09 13:40:32,118,kaggle,БАЖЕНОВА АЛСУ МИХАЙЛОВНА,1,attack9@list.ru
2019-12-09 13:40:32,119,kaggle,КОРОТКОВ ЯН АНВАРОВИЧ,1,Socrates2@gmail.com
2019-12-09 13:40:32,120,kaggle,ШЕВЧЕНКО ВЕРОНИКА ТИМОФЕЕВНА,1,octillion210@mail.ru
2019-12-09 13:40:32,121,kaggle,САМОЙЛОВА НАИЛЯ АЛИЕВНА,1,compensatory4@gmail.com
2019-12-09 13:40:32,122,kaggle,МИРОНОВ НАИЛЬ ЛЬВОВИЧ,1,cascara7@mail.ru
2019-12-09 13:40:32,123,kaggle,КОЖЕВНИКОВ ВАЛЕРИЙ МАКСИМОВИЧ,1,celluloid82@mail.ru
2019-12-09 13:40:32,124,kaggle,ГОЛУБЕВА ВИОЛЕТТА ВЯЧЕСЛАВОВНА,1,fry03@mail.ru
2019-12-09 13:40:32,125,kaggle,ГРИШИНА РЕГИНА НАИЛЕВНА,1,serious@gmail.com
2019-12-09 13:40:32,126,kaggle,АЛЕКСАНДРОВ АРТЕМ РОМАНОВИЧ,1,Pittston@gmail.com
2019-12-09 13:40:32,127,kaggle,ЧЕРНЫШОВА ЭЛЕОНОРА ИГОРЕВНА,1,gridiron@gmail.com
2019-12-09 13:40:32,128,kaggle,КЛИМОВ ФИЛИПП РАФИКОВИЧ,1,gusset99@gmail.com
2019-12-09 13:40:32,129,kaggle,ЖУРАВЛЕВ ДАМИР РАШИДОВИЧ,1,cycad@list.ru
2019-12-09 13:40:32,130,kaggle,ПОНОМАРЕВА ВИКТОРИЯ РАДИКОВНА,1,Liverpudlian@gmail.com
2019-12-09 13:40:32,131,kaggle,ШИРЯЕВА ЛУИЗА ДМИТРИЕВНА,1,huddle72@gmail.com
2019-12-09 13:40:32,132,kaggle,ГОНЧАРОВА ГУЛЬНАЗ ВИТАЛЬЕВНА,1,Dominick01@gmail.com
2019-12-09 13:40:32,133,kaggle,ПАНОВ ВИКТОР ЛЬВОВИЧ,1,memorable248@yandex.ru
2019-12-09 13:40:32,134,kaggle,МАТВЕЕВ ДАНИИЛ САМВЕЛОВИЧ,1,windmill@gmail.com
2019-12-09 13:40:32,135,kaggle,СУЛТАНОВА ФАРИДА СЕМЕНОВНА,1,pokerface861@yandex.ru
2019-12-09 13:40:32,136,kaggle,ДЕНИСОВ ИЛЬДАР ВАЛЕРЬЕВИЧ,1,Cal2@gmail.com
2019-12-09 13:40:32,137,kaggle,ГОРБАЧЕВА ВИКТОРИЯ АФАНАСЬЕВНА,1,Adirondack@list.ru
2019-12-09 13:40:32,138,kaggle,КОРОЛЕВА ВАЛЕНТИНА РАВИЛЬЕВНА,1,before@yandex.ru
2019-12-09 13:40:32,139,kaggle,ГРОМОВ ВЛАДИМИР СЕРГЕЕВИЧ,1,apathetic@mail.ru
2019-12-09 13:40:32,140,kaggle,ГРОМОВА КЛАВДИЯ ЕВГЕНЬЕВНА,1,dun2@yandex.ru
2019-12-09 13:40:32,141,kaggle,СМИРНОВА ЕВГЕНИЯ ХАСАНОВНА,1,Euler6@list.ru
2019-12-09 13:40:32,142,kaggle,ТИХОМИРОВА МАДИНА ЛЬВОВНА,1,solecism299@list.ru
2019-12-09 13:40:32,143,kaggle,СТЕПАНОВ ТИМОФЕЙ МАНСУРОВИЧ,1,thumb72@yandex.ru
2019-12-09 13:40:32,144,kaggle,НИКУЛИНА РИММА ФАРИТОВНА,1,trod9@gmail.com
2019-12-09 13:40:32,145,kaggle,ГОРБУНОВ ЯРОСЛАВ ЮРЬЕВИЧ,1,livre59@list.ru
2019-12-09 13:40:32,146,kaggle,ЛОГИНОВ АНАТОЛИЙ РУДОЛЬФОВИЧ,1,clear85@list.ru
2019-12-09 13:40:32,147,kaggle,АЛЕКСЕЕВ РАМИЛЬ БОРИСОВИЧ,1,holt67@list.ru
2019-12-09 13:40:32,148,kaggle,САФРОНОВ РИНАТ СЕМЕНОВИЧ,1,cod@list.ru
2019-12-09 13:40:32,149,kaggle,АКИМОВА КРИСТИНА ОЛЕГОВНА,1,forsworn1@list.ru
2019-12-09 13:40:32,150,kaggle,МАКАРОВ РУСТЕМ ДАМИРОВИЧ,1,apocryphal@gmail.com
2019-12-09 13:40:32,151,kaggle,БОБРОВ МУРАТ АЛИЕВИЧ,1,Maxwellian8@mail.ru
2019-12-09 13:40:32,152,kaggle,ЛАРИОНОВА КАРИНА МАРАТОВНА,1,Stauffer@gmail.com
2019-12-09 13:40:32,153,kaggle,ЧЕРНЫШЕВА РАИСА РАДИКОВНА,1,shaky@list.ru
2019-12-09 13:40:32,154,kaggle,МУХИНА АРИНА РУДОЛЬФОВНА,1,Siena49@list.ru
2019-12-09 13:40:32,155,kaggle,ЕФРЕМОВ ЯН СТАНИСЛАВОВИЧ,1,aloof0@mail.ru
2019-12-09 13:40:32,156,kaggle,ЛОБАНОВА РАИСА ВАСИЛЬЕВНА,1,exhaustible893@yandex.ru
2019-12-09 13:40:32,157,kaggle,ФОКИНА АЛЕНА ЛЕОНИДОВНА,1,node0@list.ru
2019-12-09 13:40:32,158,kaggle,КОРНЕЕВА ДИНАРА АНДРЕЕВНА,1,offensive1@mail.ru
2019-12-09 13:40:32,159,kaggle,КРЫЛОВА ЛУИЗА РАШИДОВНА,1,reputation@list.ru
2019-12-09 13:40:32,160,kaggle,ШАКИРОВ ИЛЬЯ РАШИДОВИЧ,1,minnow2@yandex.ru
2019-12-09 13:40:32,161,kaggle,МЕДВЕДЕВА ЭЛЬВИРА ВЯЧЕСЛАВОВНА,1,ICC12@mail.ru
2019-12-09 13:40:32,162,kaggle,МАТВЕЕВА АЛЛА ИЛЬДАРОВНА,1,Orlando571@list.ru
2019-12-09 13:40:32,163,kaggle,ГРИГОРЯН АЗАМАТ ФЁДОРОВИЧ,1,lick7@yandex.ru
2019-12-09 13:40:32,164,kaggle,АКСЕНОВА КРИСТИНА ГАВРИЛОВНА,1,hemisphere@mail.ru
2019-12-09 13:40:32,165,kaggle,СКВОРЦОВА АЛЛА КИРИЛЛОВНА,1,Kruger285@yandex.ru
2019-12-09 13:40:32,166,kaggle,ШЕВЧЕНКО РАФАЭЛЬ ГЕННАДЬЕВИЧ,1,portraiture@list.ru
2019-12-09 13:40:32,167,kaggle,КОВАЛЕНКО ФЕДОР ЛЕОНИДОВИЧ,1,sputnik6@list.ru
2019-12-09 13:40:32,168,kaggle,ВОРОНИН РУСЛАН АНДРЕЕВИЧ,1,merry5@mail.ru
2019-12-09 13:40:32,169,kaggle,ЩЕРБАКОВА НИНА ЕВГЕНЬЕВНА,1,sixty@mail.ru
2019-12-09 13:40:32,170,kaggle,КЛИМОВА МАРИАННА ВЛАДИСЛАВОВНА,1,fun@list.ru
2019-12-09 13:40:32,171,kaggle,БОГДАНОВА АНАСТАСИЯ ЕФИМОВНА,1,cowslip9@gmail.com
2019-12-09 13:40:32,172,kaggle,ФАДЕЕВ РОБЕРТ ФАРИТОВИЧ,1,catapult934@list.ru
2019-12-09 13:40:32,173,kaggle,СОКОЛОВА ОКСАНА ВАЛЕРЬЕВНА,1,Greta8@list.ru
2019-12-09 13:40:32,174,kaggle,ЩЕРБАКОВ ПАВЕЛ МИХАЙЛОВИЧ,1,stave279@list.ru
2019-12-09 13:40:32,175,kaggle,ФИЛИМОНОВ ЯКОВ АНДРЕЕВИЧ,1,arty785@yandex.ru
2019-12-09 13:40:32,176,kaggle,МАГОМЕДОВ МАКСИМ ЯКОВЛЕВИЧ,1,smote2@gmail.com
2019-12-09 13:40:32,177,kaggle,ТИТОВА АНЖЕЛИКА ИВАНОВНА,1,carbuncle1@yandex.ru
2019-12-09 13:40:32,178,kaggle,КАЛИНИН ВЛАДИСЛАВ РУСЛАНОВИЧ,1,Hawley58@list.ru
2019-12-09 13:40:32,179,kaggle,БЫЧКОВА ЗАРИНА МИХАЙЛОВНА,1,Knowlton3@gmail.com
2019-12-09 13:40:32,180,kaggle,ЕМЕЛЬЯНОВ КОНСТАНТИН АРТУРОВИЧ,1,wheelbase61@gmail.com
2019-12-09 13:40:32,181,kaggle,НИКОЛАЕВ АСЛАН ФЕДОРОВИЧ,1,McKeon5@mail.ru
2019-12-09 13:40:32,182,kaggle,ЕФИМОВ СЕРГЕЙ ИЛЬИЧ,1,von1@yandex.ru
2019-12-09 13:40:32,183,kaggle,РЯБОВ ИЛЬДАР ВЯЧЕСЛАВОВИЧ,1,tot84@list.ru
2019-12-09 13:40:32,184,kaggle,СИТНИКОВА ЖАННА ЭДУАРДОВНА,1,carcass@mail.ru
2019-12-09 13:40:32,185,kaggle,ДЕМИДОВА АЛЕВТИНА АФАНАСЬЕВНА,1,Moresby0@mail.ru
2019-12-09 13:40:32,186,kaggle,КУДРЯШОВ ДАМИР ВАЛЕРЬЕВИЧ,1,jubilate@yandex.ru
2019-12-09 13:40:32,187,kaggle,ЕГОРОВ ЯКОВ АЛИЕВИЧ,1,malevolent85@yandex.ru
2019-12-09 13:40:32,188,kaggle,ГРАЧЕВА ИРИНА ГЕОРГИЕВНА,1,Nell260@list.ru
2019-12-09 13:40:32,189,kaggle,СОБОЛЕВ РОДИОН РАШИТОВИЧ,1,berg767@yandex.ru
2019-12-09 13:40:32,190,kaggle,ПРОНИНА АИДА РАШИТОВНА,1,Germantown6@gmail.com
2019-12-09 13:40:32,191,kaggle,ДЕМИДОВА АСИЯТ ГЕОРГИЕВНА,1,daunt5@gmail.com
2019-12-09 13:40:32,192,kaggle,КИСЕЛЕВА ЗИНАИДА ВАДИМОВНА,1,hatchway9@gmail.com
2019-12-09 13:40:32,193,kaggle,ВЕСЕЛОВА МАРИАННА ВАЛЕРЬЕВНА,1,arcana8@yandex.ru
2019-12-09 13:40:32,194,kaggle,РОЖКОВ ФИЛИПП ГЕОРГИЕВИЧ,1,statewide@list.ru
2019-12-09 13:40:32,195,kaggle,КОРОТКОВ ЯН РАШИТОВИЧ,1,abysmal9@mail.ru
2019-12-09 13:40:32,196,kaggle,ХОХЛОВ ЯКОВ ВАЛЕНТИНОВИЧ,1,heiress26@gmail.com
2019-12-09 13:40:32,197,kaggle,ГОРДЕЕВ АНДРЕЙ РИНАТОВИЧ,1,parapsychology93@list.ru
2019-12-09 13:40:32,198,kaggle,ЛЕБЕДЕВ ФЕДОР ЯКОВЛЕВИЧ,1,Iowa81@gmail.com
2019-12-09 13:40:32,199,kaggle,МОРОЗОВ ДАНИЛА ГРИГОРЬЕВИЧ,1,roundhead@yandex.ru
2019-12-09 13:40:32,200,kaggle,НАУМОВА ЯНА РАМАЗАНОВНА,1,heterostructure371@yandex.ru
2019-12-09 13:40:32,201,kaggle,САВЕЛЬЕВ ДАМИР ИОСИФОВИЧ,1,rheumatic@list.ru
2019-12-09 13:40:32,202,kaggle,АГАФОНОВ ТИМОФЕЙ ВИТАЛЬЕВИЧ,1,neonatal@list.ru
2019-12-09 13:40:32,203,kaggle,БАЖЕНОВА ОЛЕСЯ ИЛЬИНИЧНА,1,cede@yandex.ru
2019-12-09 13:40:32,204,kaggle,РЫБАКОВА МАРИНА ГРИГОРЬЕВНА,1,gerbil9@list.ru
2019-12-09 13:40:32,205,kaggle,МАГОМЕДОВ ВАЛЕНТИН ГЕННАДЬЕВИЧ,1,Baltimore599@mail.ru
2019-12-09 13:40:32,206,kaggle,ГАВРИЛОВА НАТАЛЬЯ СЕРГЕЕВНА,1,automate2@list.ru
2019-12-09 13:40:32,207,kaggle,ДЕМИДОВ РИНАТ МАНСУРОВИЧ,1,bleat9@gmail.com
2019-12-09 13:40:32,208,kaggle,ПЕТУХОВ РОМАН ГЕРМАНОВИЧ,1,Scythia@list.ru
2019-12-09 13:40:32,209,kaggle,ГРИГОРЬЕВ АРТЁМ ЭДУАРДОВИЧ,1,cage61@mail.ru
2019-12-09 13:40:32,210,kaggle,ИГНАТОВА ЗАЛИНА РОМАНОВНА,1,moonbeam@list.ru
2019-12-09 13:40:32,211,kaggle,ИВАНОВА ЛИДИЯ РИНАТОВНА,1,Phil779@gmail.com
2019-12-09 13:40:32,212,kaggle,КОВАЛЕВ ДАНИИЛ МАРАТОВИЧ,1,bloom@mail.ru
2019-12-09 13:40:32,213,kaggle,ШИЛОВА ЛИДИЯ ГЕННАДИЕВНА,1,parvenu142@list.ru
2019-12-09 13:40:32,214,kaggle,АЛЕКСАНДРОВА ЗАРИНА РАДИКОВНА,1,flatus26@gmail.com
2019-12-09 13:40:32,215,kaggle,ВОРОБЬЕВА ВЕРА ВАЛЕНТИНОВНА,1,grimace32@mail.ru
2019-12-09 13:40:32,216,kaggle,БЕЛОУСОВА ЛИЛИЯ ФИЛИППОВНА,1,Vishnu65@gmail.com
2019-12-09 13:40:32,217,kaggle,ТИТОВ ДЕНИС АНДРЕЕВИЧ,1,scion8@mail.ru
2019-12-09 13:40:32,218,kaggle,МОЛЧАНОВА СВЕТЛАНА ВАЛЕРИЕВНА,1,Debby1@mail.ru
2019-12-09 13:40:32,219,kaggle,КИСЕЛЕВА АЛЕКСАНДРА ВАЛЕРЬЕВНА,1,pacesetting498@list.ru
2019-12-09 13:40:32,220,kaggle,САМОЙЛОВ РУСТАМ ПЕТРОВИЧ,1,perspire0@mail.ru
2019-12-09 13:40:32,221,kaggle,КИМ НАТАЛИЯ РУСЛАНОВНА,1,oligarchy14@mail.ru
2019-12-09 13:40:32,222,kaggle,ПОТАПОВ АЗАМАТ СЕРГЕЕВИЧ,1,jeep4@mail.ru
2019-12-09 13:40:32,223,kaggle,МЕДВЕДЕВА АНТОНИНА РАДИКОВНА,1,expansion385@gmail.com
2019-12-09 13:40:32,224,kaggle,ТКАЧЕНКО СОФЬЯ АНДРЕЕВНА,1,greed0@mail.ru
2019-12-09 13:40:32,225,kaggle,АВДЕЕВ ИЛЬДАР ВЕНИАМИНОВИЧ,1,ultimate5@yandex.ru
2019-12-09 13:40:32,226,kaggle,ЛОГИНОВА ГУЛЬНАРА ВЛАДИСЛАВОВНА,1,infima2@list.ru
2019-12-09 13:40:32,227,kaggle,АЛИЕВ ЯКОВ РАВИЛЬЕВИЧ,1,detoxify102@yandex.ru
2019-12-09 13:40:32,228,kaggle,ЛЕБЕДЕВ МАРК ЕВГЕНЬЕВИЧ,1,aqua91@list.ru
2019-12-09 13:40:32,229,kaggle,ЛЕВИНА ВАЛЕРИЯ ФЕДОРОВНА,1,tweedy789@list.ru
2019-12-09 13:40:32,230,kaggle,ДМИТРИЕВА ЛЕЙЛА РИНАТОВНА,1,prestige96@list.ru
2019-12-09 13:40:32,231,kaggle,ЮСУПОВА ДИНАРА ВАЛЕРЬЕВНА,1,swimsuit63@mail.ru
2019-12-09 13:40:32,232,kaggle,ЛОГИНОВА ВЕНЕРА МАРАТОВНА,1,eligible30@list.ru
2019-12-09 13:40:32,233,kaggle,РУБЦОВА АНЖЕЛИКА ЛЬВОВНА,1,procrastinate70@yandex.ru
2019-12-09 13:40:32,234,kaggle,АКСЕНОВА АЛЕСЯ ВАЛЕРИЕВНА,1,rollback10@gmail.com
2019-12-09 13:40:32,235,kaggle,ТРЕТЬЯКОВА МАРГАРИТА МАНСУРОВНА,1,Marc40@gmail.com
2019-12-09 13:40:32,236,kaggle,КИМ НАТАЛИЯ СТАНИСЛАВОВНА,1,precess983@yandex.ru
2019-12-09 13:40:32,237,kaggle,БЕРЕЗИНА ЭЛИНА МАКСИМОВНА,1,parimutuel94@gmail.com
2019-12-09 13:40:32,238,kaggle,КАЗАКОВА ВАЛЕРИЯ ВЛАДИМИРОВНА,1,appendage@list.ru
2019-12-09 13:40:32,239,kaggle,БЫКОВА ВИКТОРИЯ РОБЕРТОВНА,1,astral65@list.ru
2019-12-09 13:40:32,240,kaggle,МУХИН РАШИД АНВАРОВИЧ,1,McAdams@yandex.ru
2019-12-09 13:40:32,241,kaggle,БОРОДИНА АЛИНА ИВАНОВНА,1,annuli237@yandex.ru
2019-12-09 13:40:32,242,kaggle,УЛЬЯНОВА ВИКТОРИЯ ХАСАНОВНА,1,anastigmatic953@mail.ru
2019-12-09 13:40:32,243,kaggle,МАКСИМОВ ЯРОСЛАВ РУСЛАНОВИЧ,1,analyses@yandex.ru
2019-12-09 13:40:32,244,kaggle,МИРОНОВА СНЕЖАНА ГЕОРГИЕВНА,1,Caroline1@gmail.com
2019-12-09 13:40:32,245,kaggle,СМИРНОВ ШАМИЛЬ АЛЬБЕРТОВИЧ,1,Britannica@gmail.com
2019-12-09 13:40:32,246,kaggle,КИРИЛЛОВ НИКОЛАЙ РАВИЛЬЕВИЧ,1,evasive415@gmail.com
2019-12-09 13:40:32,247,kaggle,ДЕМИДОВА АЛЕВТИНА МАГОМЕДОВНА,1,stone120@list.ru
2019-12-09 13:40:32,248,kaggle,МУХИН ДЕНИС ВЛАДИМИРОВИЧ,1,bandpass643@list.ru
2019-12-09 13:40:32,249,kaggle,ЯКОВЛЕВ МАРАТ АРКАДЬЕВИЧ,1,pilewort2@gmail.com
2019-12-09 13:40:32,250,kaggle,ЕФРЕМОВА ВЕРОНИКА ЯКОВЛЕВНА,1,bitch8@mail.ru
2019-12-09 13:40:32,251,kaggle,СИМОНОВ ВЯЧЕСЛАВ РАИСОВИЧ,1,Blackwell5@mail.ru
2019-12-09 13:40:32,252,kaggle,ПЕТРОВ СЕМЕН ВЛАДИСЛАВОВИЧ,1,bidirectional@gmail.com
2019-12-09 13:40:32,253,kaggle,ВОРОНОВ АЛИК АНДРЕЕВИЧ,1,dame262@list.ru
2019-12-09 13:40:32,254,kaggle,ГОРБАЧЕВА ДИНАРА ЭДУАРДОВНА,1,chicanery48@list.ru
2019-12-09 13:40:32,255,kaggle,САДЫКОВА АЛЕВТИНА ИГОРЕВНА,1,conservatory7@gmail.com
2019-12-09 13:40:32,256,kaggle,ТИМОФЕЕВ АНТОН РУСТАМОВИЧ,1,grubby539@list.ru
2019-12-09 13:40:32,257,kaggle,ИГНАТОВА МАРИНА АНАТОЛЬЕВНА,1,Elijah26@list.ru
2019-12-09 13:40:32,258,kaggle,ЮСУПОВ АЙРАТ НИКОЛАЕВИЧ,1,mambo@gmail.com
2019-12-09 13:40:32,259,kaggle,МАКАРОВ ВЯЧЕСЛАВ ТИМОФЕЕВИЧ,1,Hollingsworth517@gmail.com
2019-12-09 13:40:32,260,kaggle,ТРОФИМОВ КОНСТАНТИН ИВАНОВИЧ,1,mast39@mail.ru
2019-12-09 13:40:32,261,kaggle,ПЕТРОВА РАИСА РАШИТОВНА,1,pompadour@gmail.com
2019-12-09 13:40:32,262,kaggle,ГОРБУНОВ РАДИК ЕГОРОВИЧ,1,Bakersfield@mail.ru
2019-12-09 13:40:32,263,kaggle,ВОЛКОВ НИКОЛАЙ ФЁДОРОВИЧ,1,grantee144@yandex.ru
2019-12-09 13:40:32,264,kaggle,СИТНИКОВА ИНЕССА ВАДИМОВНА,1,Noel@list.ru
2019-12-09 13:40:32,265,kaggle,ЛАРИН САМВЕЛ ИГОРЕВИЧ,1,expenditure6@gmail.com
2019-12-09 13:40:32,266,kaggle,ШЕВЧЕНКО АРТЁМ АЛЕКСАНДРОВИЧ,1,wisenheimer02@list.ru
2019-12-09 13:40:32,267,kaggle,МАЛЫШЕВА АЛЕНА РОБЕРТОВНА,1,Arkansan58@yandex.ru
2019-12-09 13:40:32,268,kaggle,КОТОВА УЛЬЯНА ЮРЬЕВНА,1,whistle@list.ru
2019-12-09 13:40:32,269,kaggle,РЫБАКОВ РАВИЛЬ РАВИЛЕВИЧ,1,groove5@list.ru
2019-12-09 13:40:32,270,kaggle,КАЛАШНИКОВ РУСЛАН ВИКТОРОВИЧ,1,Gorky080@mail.ru
2019-12-09 13:40:32,271,kaggle,МАРКОВ САМВЕЛ ВАЛЕНТИНОВИЧ,1,beehive@list.ru
2019-12-09 13:40:32,272,kaggle,ТИТОВ ЛЕОНИД ВАЛЕРЬЕВИЧ,1,forgiven1@list.ru
2019-12-09 13:40:32,273,kaggle,АКИМОВА ТАМАРА ДАНИЛОВНА,1,prophetic411@mail.ru
2019-12-09 13:40:32,274,kaggle,ВИНОГРАДОВА ПОЛИНА РУДОЛЬФОВНА,1,leghorn6@yandex.ru
2019-12-09 13:40:32,275,kaggle,РОДИОНОВА ЗАРЕМА ЯКОВЛЕВНА,1,cater990@yandex.ru
2019-12-09 13:40:32,276,kaggle,ЛЫСЕНКО АШОТ КОНСТАНТИНОВИЧ,1,Natchez932@mail.ru
2019-12-09 13:40:32,277,kaggle,ГОНЧАРОВ САМВЕЛ СТЕПАНОВИЧ,1,bogey@list.ru
2019-12-09 13:40:32,278,kaggle,МАРТЫНОВ АНТОН РИНАТОВИЧ,1,Polaroid74@yandex.ru
2019-12-09 13:40:32,279,kaggle,СУЛЕЙМАНОВА НАТАЛЬЯ РИНАТОВНА,1,counselor142@gmail.com
2019-12-09 13:40:32,280,kaggle,МИХАЙЛОВ РУСТЕМ ТИМОФЕЕВИЧ,1,Rockefeller66@mail.ru
2019-12-09 13:40:32,281,kaggle,ТКАЧЕНКО ВАЛЕРИЯ АЛЕКСАНДРОВНА,1,newlywed71@yandex.ru
2019-12-09 13:40:32,282,kaggle,ИЛЬИНА ОЛЕСЯ ВИКТОРОВНА,1,henceforth0@gmail.com
2019-12-09 13:40:32,283,kaggle,НЕСТЕРОВА ВЕНЕРА ИННОКЕНТЬЕВНА,1,shoulder@gmail.com
2019-12-09 13:40:32,284,kaggle,ЗИНОВЬЕВА ЮЛИЯ АНВАРОВНА,1,maudlin46@yandex.ru
2019-12-09 13:40:32,285,kaggle,ТЕРЕНТЬЕВА АЛИСА ДАНИЛОВНА,1,Micky@gmail.com
2019-12-09 13:40:32,286,kaggle,ЕГОРОВА ДИНАРА ВАЛЕРИЕВНА,1,endothelial50@gmail.com
2019-12-09 13:40:32,287,kaggle,СПИРИДОНОВА ВЕРА АЛЕКСЕЕВНА,1,degum9@mail.ru
2019-12-09 13:40:32,288,kaggle,АНИСИМОВА ЛЮДМИЛА АРТУРОВНА,1,ford@gmail.com
2019-12-09 13:40:32,289,kaggle,ШЕСТАКОВ КОНСТАНТИН РОБЕРТОВИЧ,1,finch036@mail.ru
2019-12-09 13:40:32,290,kaggle,НОСОВА МАДИНА ГЕННАДЬЕВНА,1,impeach687@list.ru
2019-12-09 13:40:32,291,kaggle,САВЧЕНКО ЛУИЗА ИБРАГИМОВНА,1,archipelago0@gmail.com
2019-12-09 13:40:32,292,kaggle,ЗАХАРОВА РИММА ВЛАДИСЛАВОВНА,1,babysit9@yandex.ru
2019-12-09 13:40:32,293,kaggle,КРЮКОВ ГРИГОРИЙ ВАСИЛЬЕВИЧ,1,exponentiate128@gmail.com
2019-12-09 13:40:32,294,kaggle,БОРОДИНА ЮЛИЯ АНВАРОВНА,1,panicle909@mail.ru
2019-12-09 13:40:32,295,kaggle,БЕЛОВА АНТОНИНА БОРИСОВНА,1,nickname19@list.ru
2019-12-09 13:40:32,296,kaggle,РОЖКОВ СЕМЕН КОНСТАНТИНОВИЧ,1,dangle43@gmail.com
2019-12-09 13:40:32,297,kaggle,КОСТИНА АННА ДАНИЛОВНА,1,principal@yandex.ru
2019-12-09 13:40:32,298,kaggle,НАУМОВА АЛЕСЯ КОНСТАНТИНОВНА,1,glee@list.ru
2019-12-09 13:40:32,299,kaggle,ЛУКИНА АЛИНА АНТОНОВНА,1,Cypriot287@list.ru
2019-12-09 13:40:32,300,kaggle,ТЕРЕНТЬЕВ ЛЕВ ВЯЧЕСЛАВОВИЧ,1,workshop026@mail.ru
2019-12-09 13:40:32,301,kaggle,ЕЛИСЕЕВ СТАНИСЛАВ ВЛАДИСЛАВОВИЧ,1,cameraman138@list.ru
2019-12-09 13:40:32,302,kaggle,НИКОЛАЕВ ЛЕВ ВАСИЛЬЕВИЧ,1,northeastern87@gmail.com
2019-12-09 13:40:32,303,kaggle,КАРИМОВ МАГОМЕД ПЕТРОВИЧ,1,McClure241@yandex.ru
2019-12-09 13:40:32,304,kaggle,МАМЕДОВ КИРИЛЛ ИЛЬИЧ,1,coconut50@mail.ru
2019-12-09 13:40:32,305,kaggle,ЛЕБЕДЕВА ВЕРОНИКА РАФАИЛОВНА,1,proboscis@mail.ru
2019-12-09 13:40:32,306,kaggle,ДЕМИНА КСЕНИЯ АНВАРОВНА,1,Scribners@gmail.com
2019-12-09 13:40:32,307,kaggle,ПЕТРОВ МИХАИЛ ГЕРМАНОВИЧ,1,legging0@list.ru
2019-12-09 13:40:32,308,kaggle,САМОЙЛОВ ТИМУР АНТОНОВИЧ,1,vixen@gmail.com
2019-12-09 13:40:32,309,kaggle,ЛАЗАРЕВ МАРК АЛЕКСАНДРОВИЧ,1,codify2@yandex.ru
2019-12-09 13:40:32,310,kaggle,ГРИШИНА ЯНА РОМАНОВНА,1,capstan88@yandex.ru
2019-12-09 13:40:32,311,kaggle,АНТИПОВ ВАЛЕНТИН РАШИДОВИЧ,1,disperse03@yandex.ru
2019-12-09 13:40:32,312,kaggle,ВОРОНИН ИЛЬЯ ПАВЛОВИЧ,1,blanch@list.ru
2019-12-09 13:40:32,313,kaggle,СОКОЛОВА ЛАРИСА СТЕПАНОВНА,1,leeway@list.ru
2019-12-09 13:40:32,314,kaggle,ОВЧИННИКОВ ГЕОРГИЙ МАРАТОВИЧ,1,lifeblood@list.ru
2019-12-09 13:40:32,315,kaggle,МУХИН САМВЕЛ ДАМИРОВИЧ,1,theologian@mail.ru
2019-12-09 13:40:32,316,kaggle,ИВАНОВА РАИСА ФИЛИППОВНА,1,valedictory089@gmail.com
2019-12-09 13:40:32,317,kaggle,АЛИЕВА ГУЛЬНАРА АЛЬБЕРТОВНА,1,implicit@mail.ru
2019-12-09 13:40:32,318,kaggle,НИКОЛАЕВ ЯН ИЛЬДАРОВИЧ,1,district390@list.ru
2019-12-09 13:40:32,319,kaggle,ДЕМИНА СОФЬЯ ФИЛИППОВНА,1,shift@list.ru
2019-12-09 13:40:32,320,kaggle,ЧЕРЕПАНОВ СЕРГЕЙ РАШИТОВИЧ,1,bandpass@gmail.com
2019-12-09 13:40:32,321,kaggle,АНТОНОВ АЛЕКСАНДР СТЕПАНОВИЧ,1,cutthroat@list.ru
2019-12-09 13:40:32,322,kaggle,СЕМЕНОВ ДАМИР РАФИКОВИЧ,1,hulk2@mail.ru
2019-12-09 13:40:32,323,kaggle,КОНСТАНТИНОВ АЛЬБЕРТ РАДИКОВИЧ,1,ambient34@list.ru
2019-12-09 13:40:32,324,kaggle,МИХАЙЛОВ МИХАИЛ ИОСИФОВИЧ,1,Winnie82@list.ru
2019-12-09 13:40:32,325,kaggle,ШЕСТАКОВА МАРИЯ АНАТОЛЬЕВНА,1,posterior418@yandex.ru
2019-12-09 13:40:32,326,kaggle,КАЛИНИНА АЛИНА МАКСИМОВНА,1,marriageable063@mail.ru
2019-12-09 13:40:32,327,kaggle,ФЕДОТОВ ДАМИР АНВАРОВИЧ,1,Marlowe@gmail.com
2019-12-09 13:40:32,328,kaggle,ГРИГОРЯН РИНАТ АРКАДЬЕВИЧ,1,Prescott111@list.ru
2019-12-09 13:40:32,329,kaggle,САВЕЛЬЕВ ИВАН АЛИЕВИЧ,1,situ197@yandex.ru
2019-12-09 13:40:32,330,kaggle,ГРИГОРЬЕВА ОКСАНА МИХАЙЛОВНА,1,railway355@gmail.com
2019-12-09 13:40:32,331,kaggle,ПАХОМОВА ГУЗЕЛЬ ЭДУАРДОВНА,1,forgo@gmail.com
2019-12-09 13:40:32,332,kaggle,ТИМОФЕЕВ АЛИК СЕМЕНОВИЧ,1,grey5@gmail.com
2019-12-09 13:40:32,333,kaggle,МОРОЗОВА АНГЕЛИНА РИНАТОВНА,1,Medea083@gmail.com
2019-12-09 13:40:32,334,kaggle,НОВИКОВА ИЛОНА НАИЛЕВНА,1,ovoviviparous@mail.ru
2019-12-09 13:40:32,335,kaggle,КИМ ЛЮБОВЬ АНАТОЛЬЕВНА,1,legume5@gmail.com
2019-12-09 13:40:32,336,kaggle,МАЛЫШЕВА КИРА ФЁДОРОВНА,1,Janeiro@mail.ru
2019-12-09 13:40:32,337,kaggle,ТЮРИНА СВЕТЛАНА ИОСИФОВНА,1,bailiff46@yandex.ru
2019-12-09 13:40:32,338,kaggle,АНДРЕЕВА ТАИСИЯ ЕФИМОВНА,1,terminable@list.ru
2019-12-09 13:40:32,339,kaggle,БЫКОВ РАДИК АНАТОЛЬЕВИЧ,1,Jorge22@mail.ru
2019-12-09 13:40:32,340,kaggle,КНЯЗЕВА ТАИСИЯ ИГОРЕВНА,1,well27@mail.ru
2019-12-09 13:40:32,341,kaggle,ХАРИТОНОВА ЛИЛИЯ ФАРИТОВНА,1,beachhead5@mail.ru
2019-12-09 13:40:32,342,kaggle,ТАРАСОВА ОЛЕСЯ ДМИТРИЕВНА,1,lagging313@mail.ru
2019-12-09 13:40:32,343,kaggle,БОНДАРЕНКО ТАРАС АРКАДЬЕВИЧ,1,slivery783@yandex.ru
2019-12-09 13:40:32,344,kaggle,СЕМЕНОВ ШАМИЛЬ РАФАИЛОВИЧ,1,apparition@mail.ru
2019-12-09 13:40:32,345,kaggle,ГОРБАЧЕВА ЭЛЬВИРА ДАНИЛОВНА,1,fledge968@gmail.com
2019-12-09 13:40:32,346,kaggle,КОЖЕВНИКОВ АЗАМАТ МАРАТОВИЧ,1,Gloria132@mail.ru
2019-12-09 13:40:32,347,kaggle,ПЛАТОНОВА СВЕТЛАНА ГАВРИЛОВНА,1,Afrikaner000@yandex.ru
2019-12-09 13:40:32,348,kaggle,ЦВЕТКОВ РАМИЛЬ АЛЬБЕРТОВИЧ,1,suppressor@list.ru
2019-12-09 13:40:32,349,kaggle,СЕМЕНОВ ДАВИД ФЁДОРОВИЧ,1,onrush3@yandex.ru
2019-12-09 13:40:32,350,kaggle,КАРИМОВ АРТУР ЛЬВОВИЧ,1,newcomer@mail.ru
2019-12-09 13:40:32,351,kaggle,БИРЮКОВА ЗАРЕМА ЯКОВЛЕВНА,1,coagulable328@yandex.ru
2019-12-09 13:40:32,352,kaggle,СОКОЛОВ ДАВИД ВАСИЛЬЕВИЧ,1,tarpon3@yandex.ru
2019-12-09 13:40:32,353,kaggle,МЕЩЕРЯКОВА ВИКТОРИЯ ИГОРЕВНА,1,Chris377@list.ru
2019-12-09 13:40:32,354,kaggle,ИСАКОВА НАДЕЖДА ГЕННАДИЕВНА,1,mathematician75@gmail.com
2019-12-09 13:40:32,355,kaggle,УСТИНОВА ЕКАТЕРИНА ЯКОВЛЕВНА,1,bred48@mail.ru
2019-12-09 13:40:32,356,kaggle,ЕФИМОВ РОБЕРТ ФЕДОРОВИЧ,1,pacific62@list.ru
2019-12-09 13:40:32,357,kaggle,КАРИМОВА ГУЛЬНАЗ ОЛЕГОВНА,1,Kauffman@gmail.com
2019-12-09 13:40:32,358,kaggle,ОРЛОВ ЛЕОНИД АЛИЕВИЧ,1,castle374@mail.ru
2019-12-09 13:40:32,359,kaggle,ШАКИРОВ ВЯЧЕСЛАВ РУДОЛЬФОВИЧ,1,fraternal47@gmail.com
2019-12-09 13:40:32,360,kaggle,ПРОХОРОВА АНАСТАСИЯ АРКАДЬЕВНА,1,postgraduate824@list.ru
2019-12-09 13:40:32,361,kaggle,ВИНОГРАДОВА ЖАННА МАНСУРОВНА,1,administer374@list.ru
2019-12-09 13:40:32,362,kaggle,ЧЕРНИКОВА НИНА АЛЬБЕРТОВНА,1,gravel9@gmail.com
2019-12-09 13:40:32,363,kaggle,БЫЧКОВ ДАНИЛ СЕРГЕЕВИЧ,1,me57@mail.ru
2019-12-09 13:40:32,364,kaggle,КОВАЛЕНКО РОДИОН ВАЛЕНТИНОВИЧ,1,felon85@list.ru
2019-12-09 13:40:32,365,kaggle,КНЯЗЕВ ВАДИМ СТЕПАНОВИЧ,1,romantic83@list.ru
2019-12-09 13:40:32,366,kaggle,ЧЕРНОВ ПЁТР ВЛАДИСЛАВОВИЧ,1,whereabout@mail.ru
2019-12-09 13:40:32,367,kaggle,НОВОСЕЛОВА КЛАВДИЯ НИКОЛАЕВНА,1,dey@mail.ru
2019-12-09 13:40:32,368,kaggle,ЖУРАВЛЕВА ВАРВАРА ВАЛЕРЬЕВНА,1,Asheville50@mail.ru
2019-12-09 13:40:32,369,kaggle,САФРОНОВА МАРИЯ КОНСТАНТИНОВНА,1,Stuyvesant@mail.ru
2019-12-09 13:40:32,370,kaggle,КУДРЯШОВ АРМЕН ВАСИЛЬЕВИЧ,1,lung48@gmail.com
2019-12-09 13:40:32,371,kaggle,АВДЕЕВА ГАЛИЯ АРКАДЬЕВНА,1,cobblestone0@gmail.com
2019-12-09 13:40:32,372,kaggle,ЕРЕМИНА АЛЁНА РАФИКОВНА,1,incinerate6@list.ru
2019-12-09 13:40:32,373,kaggle,МЕЩЕРЯКОВА АРИНА РАШИДОВНА,1,psychophysiology@gmail.com
2019-12-09 13:40:32,374,kaggle,МАМЕДОВА АННА НИКОЛАЕВНА,1,delightful924@list.ru
2019-12-09 13:40:32,375,kaggle,ШИЛОВА ЛИДИЯ ПЕТРОВНА,1,top1@gmail.com
2019-12-09 13:40:32,376,kaggle,НИКИТИН ДАНИЛА ИОСИФОВИЧ,1,amulet54@list.ru
2019-12-09 13:40:32,377,kaggle,ПЕТРОВ АСЛАН ИЛЬИЧ,1,Rosenzweig27@mail.ru
2019-12-09 13:40:32,378,kaggle,СОБОЛЕВА ОЛЬГА АЛЬБЕРТОВНА,1,mayor841@gmail.com
2019-12-09 13:40:32,379,kaggle,ИГНАТЬЕВ РАФАЭЛЬ РАШИТОВИЧ,1,glorious2@yandex.ru
2019-12-09 13:40:32,380,kaggle,ЗОРИН ТИМУР ЕГОРОВИЧ,1,timeworn66@yandex.ru
2019-12-09 13:40:32,381,kaggle,АЛИЕВА АЛСУ ГЕННАДЬЕВНА,1,flycatcher825@list.ru
2019-12-09 13:40:32,382,kaggle,ГУСЕЙНОВ ТИМУР РАШИТОВИЧ,1,Lutheran64@yandex.ru
2019-12-09 13:40:32,383,kaggle,ЕФИМОВ МУРАТ ВАЛЕНТИНОВИЧ,1,agglutinin@yandex.ru
2019-12-09 13:40:32,384,kaggle,КОНДРАТЬЕВ МАРК АЛЕКСЕЕВИЧ,1,accredit52@gmail.com
2019-12-09 13:40:32,385,kaggle,САФРОНОВ ВИКТОР РУДОЛЬФОВИЧ,1,tableau5@mail.ru
2019-12-09 13:40:32,386,kaggle,ЗИНОВЬЕВА СНЕЖАНА НАИЛЕВНА,1,Laban139@yandex.ru
2019-12-09 13:40:32,387,kaggle,ТИХОНОВА НАДЕЖДА ИННОКЕНТЬЕВНА,1,indicate98@yandex.ru
2019-12-09 13:40:32,388,kaggle,ТРОФИМОВ ДМИТРИЙ МАРАТОВИЧ,1,western@list.ru
2019-12-09 13:40:32,389,kaggle,КОРОТКОВ МИХАИЛ РУСЛАНОВИЧ,1,importunate309@mail.ru
2019-12-09 13:40:32,390,kaggle,БОНДАРЕВА ЭЛЕОНОРА АНТОНОВНА,1,mimeograph497@list.ru
2019-12-09 13:40:32,391,kaggle,КИРЕЕВ ГРИГОРИЙ РАШИДОВИЧ,1,Clara@mail.ru
2019-12-09 13:40:32,392,kaggle,КРАВЧЕНКО ВИКТОРИЯ РУСЛАНОВНА,1,mountebank62@yandex.ru
2019-12-09 13:40:32,393,kaggle,БОРИСОВА ЗАРЕМА МУХАМЕДОВНА,1,northwest2@yandex.ru
2019-12-09 13:40:32,394,kaggle,ИСАКОВ ДАНИЛА ВИТАЛЬЕВИЧ,1,epigram@mail.ru
2019-12-09 13:40:32,395,kaggle,МАРКОВ НИКОЛАЙ ГЕННАДЬЕВИЧ,1,maniac037@list.ru
2019-12-09 13:40:32,396,kaggle,КОНОВАЛОВА ПОЛИНА РАШИТОВНА,1,Memphis@mail.ru
2019-12-09 13:40:32,397,kaggle,ЖДАНОВА ЛЮБОВЬ ГЕННАДИЕВНА,1,syringe991@gmail.com
2019-12-09 13:40:32,398,kaggle,ГРИШИН ЛЕОНИД ГЕОРГИЕВИЧ,1,millionaire901@yandex.ru
2019-12-09 13:40:32,399,kaggle,ЛУКЬЯНОВА ВАЛЕНТИНА МИХАЙЛОВНА,1,pallid08@yandex.ru
2019-12-09 13:40:32,400,kaggle,КИМ БОРИС РУСТАМОВИЧ,1,Decatur5@mail.ru
2019-12-09 13:40:32,401,kaggle,АЛИЕВА ЛАРИСА МАКСИМОВНА,1,Hannibal054@list.ru
2019-12-09 13:40:32,402,kaggle,ПЕТУХОВА ГУЛЬНАРА МАКСИМОВНА,1,Chisholm53@yandex.ru
2019-12-09 13:40:32,403,kaggle,ГАЛКИНА СОФЬЯ БОРИСОВНА,1,max@gmail.com
2019-12-09 13:40:32,404,kaggle,СМИРНОВА ВЕРА ИВАНОВНА,1,graduate54@gmail.com
2019-12-09 13:40:32,405,kaggle,КУЛИКОВ МУРАТ РАВИЛЬЕВИЧ,1,triptych145@list.ru
2019-12-09 13:40:32,406,kaggle,НАЗАРОВА АННА СЕРГЕЕВНА,1,crib831@gmail.com
2019-12-09 13:40:32,407,kaggle,САМСОНОВА АНАСТАСИЯ ВАДИМОВНА,1,Hebrides93@yandex.ru
2019-12-09 13:40:32,408,kaggle,ТРОФИМОВ АНТОН РАМИЛЕВИЧ,1,jubilant92@yandex.ru
2019-12-09 13:40:32,409,kaggle,КОНДРАТЬЕВА МАРИЯ АНАТОЛЬЕВНА,1,Norton@gmail.com
2019-12-09 13:40:32,410,kaggle,ЧИСТЯКОВ КИРИЛЛ ЛЬВОВИЧ,1,zebra14@mail.ru
2019-12-09 13:40:32,411,kaggle,МАМЕДОВА РИТА ПАВЛОВНА,1,whereon671@list.ru
2019-12-09 13:40:32,412,kaggle,НЕКРАСОВА ЭММА ЛЕОНИДОВНА,1,dungeon098@gmail.com
2019-12-09 13:40:32,413,kaggle,БАЖЕНОВА АСИЯТ РАВИЛЕВНА,1,direct3@yandex.ru
2019-12-09 13:40:32,414,kaggle,АБРАМОВА ЕЛЕНА РАВИЛЕВНА,1,incompatible89@yandex.ru
2019-12-09 13:40:32,415,kaggle,ЛУКИН АЛМАЗ МАНСУРОВИЧ,1,basketball05@mail.ru
2019-12-09 13:40:32,416,kaggle,ПЕТУХОВ ЭДУАРД ИГОРЕВИЧ,1,yeah79@mail.ru
2019-12-09 13:40:32,417,kaggle,БЫКОВ ВАДИМ ВАЛЕНТИНОВИЧ,1,renounce503@yandex.ru
2019-12-09 13:40:32,418,kaggle,ФИЛАТОВ ВАСИЛИЙ МАКСИМОВИЧ,1,menu071@mail.ru
2019-12-09 13:40:32,419,kaggle,СЕЛЕЗНЕВ АЛМАЗ НАИЛЕВИЧ,1,salsify545@list.ru
2019-12-09 13:40:32,420,kaggle,БИРЮКОВ МАРК ФЕДОРОВИЧ,1,wacky90@gmail.com
2019-12-09 13:40:32,421,kaggle,АРХИПОВА ТАТЬЯНА ЛЬВОВНА,1,basalt8@gmail.com
2019-12-09 13:40:32,422,kaggle,БОГДАНОВА НАИЛЯ ЕВГЕНЬЕВНА,1,prothonotary681@list.ru
2019-12-09 13:40:32,423,kaggle,ТИТОВ ГРИГОРИЙ РУСТАМОВИЧ,1,O'Shea471@yandex.ru
2019-12-09 13:40:32,424,kaggle,ЯКОВЛЕВ ЕВГЕНИЙ БОРИСОВИЧ,1,platform@gmail.com
2019-12-09 13:40:32,425,kaggle,МАСЛОВА МАЙЯ ГЕННАДЬЕВНА,1,butyl09@gmail.com
2019-12-09 13:40:32,426,kaggle,ФЕДОРОВ ФЕДОР ВАСИЛЬЕВИЧ,1,infirmary@gmail.com
2019-12-09 13:40:32,427,kaggle,ГРИШИН ВАСИЛИЙ РОМАНОВИЧ,1,Saskatoon98@list.ru
2019-12-09 13:40:32,428,kaggle,ТИХОНОВА ГАЛИЯ РИНАТОВНА,1,forfeiture@list.ru
2019-12-09 13:40:32,429,kaggle,ШИРЯЕВА МАРИАННА ЯКОВЛЕВНА,1,vehement5@mail.ru
2019-12-09 13:40:32,430,kaggle,ЗАХАРОВ ГЛЕБ ЛЬВОВИЧ,1,contour717@gmail.com
2019-12-09 13:40:32,431,kaggle,МЕРКУЛОВА ВИОЛЕТТА ФИЛИППОВНА,1,dextrose506@mail.ru
2019-12-09 13:40:32,432,kaggle,ШЕВЧЕНКО ДИНА ИОСИФОВНА,1,Warburton323@list.ru
2019-12-09 13:40:32,433,kaggle,ТЕРЕНТЬЕВ АСЛАН ВАЛЕРИЕВИЧ,1,seaboard@yandex.ru
2019-12-09 13:40:32,434,kaggle,КРЮКОВ ВЛАДИМИР НИКОЛАЕВИЧ,1,Cinerama45@gmail.com
2019-12-09 13:40:32,435,kaggle,СОРОКИН ТИМУР ИБРАГИМОВИЧ,1,firemen7@yandex.ru
2019-12-09 13:40:32,436,kaggle,МИХАЙЛОВ ГЛЕБ ДМИТРИЕВИЧ,1,aborning0@yandex.ru
2019-12-09 13:40:32,437,kaggle,ХОХЛОВА МАРИНА ГЕРМАНОВНА,1,shimmy@list.ru
2019-12-09 13:40:32,438,kaggle,СМИРНОВ ИЛЬЯ РАФИКОВИЧ,1,abovementioned78@list.ru
2019-12-09 13:40:32,439,kaggle,РОЖКОВ ИЛЬНУР СТАНИСЛАВОВИЧ,1,Rex2@list.ru
2019-12-09 13:40:32,440,kaggle,КИРИЛЛОВ ВАЛЕНТИН ЕВГЕНЬЕВИЧ,1,exfoliate44@gmail.com
2019-12-09 13:40:32,441,kaggle,ФИЛАТОВА АЛЬБИНА АНТОНОВНА,1,previous21@yandex.ru
2019-12-09 13:40:32,442,kaggle,ГОНЧАРОВ ДЕНИС ТИМОФЕЕВИЧ,1,Palomar9@yandex.ru
2019-12-09 13:40:32,443,kaggle,АЛИЕВ КОНСТАНТИН РОМАНОВИЧ,1,McCallum35@list.ru
2019-12-09 13:40:32,444,kaggle,УШАКОВ ДЕНИС МАКСИМОВИЧ,1,dyadic824@yandex.ru
2019-12-09 13:40:32,445,kaggle,ГОНЧАРОВА ЗАРЕМА ЕГОРОВНА,1,depressor02@mail.ru
2019-12-09 13:40:32,446,kaggle,КРАВЧЕНКО ПОЛИНА ЯКОВЛЕВНА,1,handshake09@gmail.com
2019-12-09 13:40:32,447,kaggle,САМСОНОВА ИНЕССА ЛЕОНИДОВНА,1,isocline02@yandex.ru
2019-12-09 13:40:32,448,kaggle,ЧЕРНЫХ ВЕРОНИКА ДАМИРОВНА,1,stoop837@gmail.com
2019-12-09 13:40:32,449,kaggle,ТИХОМИРОВ ПЁТР ВИКТОРОВИЧ,1,Diocletian@mail.ru
2019-12-09 13:40:32,450,kaggle,ПРОХОРОВА ВЕРОНИКА КОНСТАНТИНОВНА,1,synthesis598@list.ru
2019-12-09 13:40:32,451,kaggle,ЧЕРНЫШЕВ АРТУР РАФАИЛОВИЧ,1,Oct@gmail.com
2019-12-09 13:40:32,452,kaggle,ПЛАТОНОВА ЛИЛИЯ ГЕОРГИЕВНА,1,spider6@mail.ru
2019-12-09 13:40:32,453,kaggle,ХАРИТОНОВА УЛЬЯНА РАФАИЛОВНА,1,opprobrium54@mail.ru
2019-12-09 13:40:32,454,kaggle,ВЛАСОВ ГЕРМАН ВЯЧЕСЛАВОВИЧ,1,contributory508@yandex.ru
2019-12-09 13:40:32,455,kaggle,ТИХОМИРОВ АРТЁМ ВАЛЕРЬЕВИЧ,1,candid9@yandex.ru
2019-12-09 13:40:32,456,kaggle,СОКОЛОВА ЭЛЛА РИНАТОВНА,1,variegate@list.ru
2019-12-09 13:40:32,457,kaggle,АРУТЮНЯН ВАСИЛИЙ АШОТОВИЧ,1,Lund@gmail.com
2019-12-09 13:40:32,458,kaggle,ШАКИРОВА АЛЁНА ФИЛИППОВНА,1,atop3@gmail.com
2019-12-09 13:40:32,459,kaggle,САМОЙЛОВА ЛИАНА КИРИЛЛОВНА,1,sinh2@list.ru
2019-12-09 13:40:32,460,kaggle,ЗАХАРОВА СОФИЯ СЕМЕНОВНА,1,talkie565@mail.ru
2019-12-09 13:40:32,461,kaggle,ФЕДОТОВ КАРЕН ТИМОФЕЕВИЧ,1,bird4@yandex.ru
2019-12-09 13:40:32,462,kaggle,ГАЛКИНА АРИНА РАФАИЛОВНА,1,Douglass076@list.ru
2019-12-09 13:40:32,463,kaggle,ИГНАТОВА ЛУИЗА ВАЛЕНТИНОВНА,1,lock@list.ru
2019-12-09 13:40:32,464,kaggle,ИБРАГИМОВ ЭДУАРД ЕВГЕНЬЕВИЧ,1,Yosemite@gmail.com
2019-12-09 13:40:32,465,kaggle,ЕФРЕМОВА АЛСУ АНДРЕЕВНА,1,diagnostician81@yandex.ru
2019-12-09 13:40:32,466,kaggle,КАЗАНЦЕВА РАИСА РАВИЛЕВНА,1,contrite819@yandex.ru
2019-12-09 13:40:32,467,kaggle,АНИСИМОВА ВАЛЕНТИНА ВАСИЛЬЕВНА,1,accuracy01@mail.ru
2019-12-09 13:40:32,468,kaggle,КАЛАШНИКОВ РОДИОН АЛЕКСЕЕВИЧ,1,radices@gmail.com
2019-12-09 13:40:32,469,kaggle,КРАВЧЕНКО ТИМУР ЕВГЕНЬЕВИЧ,1,yachtsman72@list.ru
2019-12-09 13:40:32,470,kaggle,САВЕЛЬЕВА ВАРВАРА РАМИЛЕВНА,1,pat289@yandex.ru
2019-12-09 13:40:32,471,kaggle,ТКАЧЕВА АЛЬБИНА ЮРЬЕВНА,1,roundworm62@list.ru
2019-12-09 13:40:32,472,kaggle,ГОНЧАРОВ САМВЕЛ РАИСОВИЧ,1,Des97@gmail.com
2019-12-09 13:40:32,473,kaggle,ЗОРИНА АНЖЕЛИКА КИРИЛЛОВНА,1,secretive9@mail.ru
2019-12-09 13:40:32,474,kaggle,ФИЛАТОВА ЕЛЕНА АРКАДЬЕВНА,1,Orwell618@mail.ru
2019-12-09 13:40:32,475,kaggle,ПОПОВА ИНГА ХАСАНОВНА,1,titular4@yandex.ru
2019-12-09 13:40:32,476,kaggle,ЛОБАНОВА ВЕНЕРА ПАВЛОВНА,1,parkway909@mail.ru
2019-12-09 13:40:32,477,kaggle,НОВИКОВА НАИЛЯ РАДИКОВНА,1,butadiene@list.ru
2019-12-09 13:40:32,478,kaggle,КОТОВА ЛЮДМИЛА ХАСАНОВНА,1,lase5@list.ru
2019-12-09 13:40:32,479,kaggle,ПОПОВ НАИЛЬ ГЕОРГИЕВИЧ,1,yoke698@list.ru
2019-12-09 13:40:32,480,kaggle,МУХИНА ВЕНЕРА РИНАТОВНА,1,gable121@mail.ru
2019-12-09 13:40:32,481,kaggle,МАТВЕЕВА ВИКТОРИЯ ХАСАНОВНА,1,Verlag09@mail.ru
2019-12-09 13:40:32,482,kaggle,КУЗНЕЦОВ АЗАТ АНДРЕЕВИЧ,1,aerobic@mail.ru
2019-12-09 13:40:32,483,kaggle,НЕЧАЕВА ЗИНАИДА ВЛАДИМИРОВНА,1,candidacy68@list.ru
2019-12-09 13:40:32,484,kaggle,НЕСТЕРОВА АЛЕКСАНДРА КИРИЛЛОВНА,1,shopkeep67@mail.ru
2019-12-09 13:40:32,485,kaggle,БЕЛОУСОВ АРТЁМ МАРАТОВИЧ,1,slowdown8@mail.ru
2019-12-09 13:40:32,486,kaggle,БЕЛОВ ЮРИЙ СТЕПАНОВИЧ,1,Prokofieff@yandex.ru
2019-12-09 13:40:32,487,kaggle,ТЕРЕХОВ ГЛЕБ ОЛЕГОВИЧ,1,Angelo97@yandex.ru
2019-12-09 13:40:32,488,kaggle,ТЕРЕНТЬЕВ РУСТАМ ГЕРМАНОВИЧ,1,Morgan@gmail.com
2019-12-09 13:40:32,489,kaggle,ФЕДОРОВ ДАНИЛ ФЁДОРОВИЧ,1,colloquia@gmail.com
2019-12-09 13:40:32,490,kaggle,АФАНАСЬЕВ АРТЕМ МИХАЙЛОВИЧ,1,sough019@yandex.ru
2019-12-09 13:40:32,491,kaggle,НИКИТИНА ЕВГЕНИЯ ДАНИЛОВНА,1,Pyrex811@list.ru
2019-12-09 13:40:32,492,kaggle,НИКИТИН ИЛЬНУР ПЕТРОВИЧ,1,foolish428@mail.ru
2019-12-09 13:40:32,493,kaggle,БЕРЕЗИНА НАТАЛИЯ ВЛАДИМИРОВНА,1,architecture510@yandex.ru
2019-12-09 13:40:32,494,kaggle,ЛАПТЕВА ДИНА РАИСОВНА,1,lethargy2@gmail.com
2019-12-09 13:40:32,495,kaggle,ШАПОВАЛОВА КИРА ЯКОВЛЕВНА,1,jocular958@mail.ru
2019-12-09 13:40:32,496,kaggle,НИКУЛИНА ЛАРИСА СЕМЕНОВНА,1,upstater8@list.ru
2019-12-09 13:40:32,497,kaggle,КОМАРОВА ЛУИЗА СЕМЕНОВНА,1,chancy57@list.ru
2019-12-09 13:40:32,498,kaggle,КРЫЛОВ ВИКТОР АНТОНОВИЧ,1,Semiramis14@gmail.com
2019-12-09 13:40:32,499,kaggle,БОНДАРЕНКО АНАСТАСИЯ РАМАЗАНОВНА,1,spa92@mail.ru
2019-12-09 13:40:32,500,kaggle,БАЛАШОВА СОФЬЯ ВЛАДИСЛАВОВНА,1,Platte0@gmail.com
2019-12-09 13:40:32,501,kaggle,КРЫЛОВА ДИАНА ЕФИМОВНА,1,seater209@yandex.ru
2019-12-09 13:40:32,502,kaggle,ЕВДОКИМОВА ВЕНЕРА РАФАИЛОВНА,1,heel24@list.ru
2019-12-09 13:40:32,503,kaggle,МИХАЙЛОВ ИВАН ГЕРМАНОВИЧ,1,roadbed578@list.ru
2019-12-09 13:40:32,504,kaggle,ЛОБАНОВА СВЕТЛАНА ФЁДОРОВНА,1,muscular73@gmail.com
2019-12-09 13:40:32,505,kaggle,ДАВЫДОВ ФИЛИПП РУСТАМОВИЧ,1,Bertha5@yandex.ru
2019-12-09 13:40:32,506,kaggle,ШЕВЧЕНКО НИНА АНВАРОВНА,1,antipode77@mail.ru
2019-12-09 13:40:32,507,kaggle,УЛЬЯНОВА ИРАИДА ИЛЬИНИЧНА,1,tannin613@list.ru
2019-12-09 13:40:32,508,kaggle,АГЕЕВ ЭЛЬДАР ВЛАДИСЛАВОВИЧ,1,masochist6@yandex.ru
2019-12-09 13:40:32,509,kaggle,СТЕПАНОВА АННА ГРИГОРЬЕВНА,1,churchgoer@mail.ru
2019-12-09 13:40:32,510,kaggle,НЕСТЕРОВА ВЕНЕРА ВАСИЛЬЕВНА,1,sham05@mail.ru
2019-12-09 13:40:32,511,kaggle,ПОТАПОВ ВАСИЛИЙ НАИЛЕВИЧ,1,process@gmail.com
2019-12-09 13:40:32,512,kaggle,МАМЕДОВА ЭЛИНА ТИМОФЕЕВНА,1,ate@list.ru
2019-12-09 13:40:32,513,kaggle,ЛУКЬЯНОВА ЗУЛЬФИЯ ГЕОРГИЕВНА,1,culminate@gmail.com
2019-12-09 13:40:32,514,kaggle,МИШИН КИРИЛЛ РАФИКОВИЧ,1,tenderhearted3@mail.ru
2019-12-09 13:40:32,515,kaggle,ПАВЛОВА ЭЛЬЗА ФЕДОРОВНА,1,ulna3@yandex.ru
2019-12-09 13:40:32,516,kaggle,НИКУЛИН ДАНИЛ АЛЕКСАНДРОВИЧ,1,bravado@gmail.com
2019-12-09 13:40:32,517,kaggle,КРЫЛОВ ЛЕВ ВЕНИАМИНОВИЧ,1,trounce4@gmail.com
2019-12-09 13:40:32,518,kaggle,ГУСЕВА ИЛЬМИРА ВЛАДИСЛАВОВНА,1,Louisville@yandex.ru
2019-12-09 13:40:32,519,kaggle,СЕРГЕЕВ ГЕОРГИЙ ЕГОРОВИЧ,1,Minnesota@yandex.ru
2019-12-09 13:40:32,520,kaggle,АГАФОНОВА СОФЬЯ ПЕТРОВНА,1,Fruehauf770@mail.ru
2019-12-09 13:40:32,521,kaggle,КУЛАКОВА ИННА СТЕПАНОВНА,1,graveyard376@gmail.com
2019-12-09 13:40:32,522,kaggle,ТАРАСОВА АНТОНИНА МИХАЙЛОВНА,1,tattletale2@gmail.com
2019-12-09 13:40:32,523,kaggle,ФИЛАТОВ ЭЛЬДАР ИБРАГИМОВИЧ,1,luxuriate@mail.ru
2019-12-09 13:40:32,524,kaggle,ТИМОФЕЕВ ВАДИМ АЛЬБЕРТОВИЧ,1,kinky@mail.ru
2019-12-09 13:40:32,525,kaggle,ПЕТРОВ АРТЕМ ИЛЬИЧ,1,gondola226@list.ru
2019-12-09 13:40:32,526,kaggle,КОРОЛЕВА ВАЛЕРИЯ ИВАНОВНА,1,x's@list.ru
2019-12-09 13:40:32,527,kaggle,ТИХОМИРОВ СЕМЕН АНДРЕЕВИЧ,1,hydrochemistry@yandex.ru
2019-12-09 13:40:32,528,kaggle,НАЗАРОВА АЛИНА ИЛЬДАРОВНА,1,Larkin200@list.ru
2019-12-09 13:40:32,529,kaggle,ЗОТОВ ГЕРМАН ЛЬВОВИЧ,1,cress@gmail.com
2019-12-09 13:40:32,530,kaggle,ТЕРЕНТЬЕВА АЛИНА РАВИЛЬЕВНА,1,Xerxes47@list.ru
2019-12-09 13:40:32,531,kaggle,ГУСЕЙНОВ КОНСТАНТИН ФЕДОРОВИЧ,1,sycophantic@mail.ru
2019-12-09 13:40:32,532,kaggle,ОРЛОВ ВЯЧЕСЛАВ РОМАНОВИЧ,1,jean0@yandex.ru
2019-12-09 13:40:32,533,kaggle,МАРКОВ АНАТОЛИЙ ВИТАЛЬЕВИЧ,1,smutty237@gmail.com
2019-12-09 13:40:32,534,kaggle,ЗУЕВ РАВИЛЬ ВЯЧЕСЛАВОВИЧ,1,Afrikaans0@yandex.ru
2019-12-09 13:40:32,535,kaggle,КОСТИНА АЛИСА ЯКОВЛЕВНА,1,codetermine@gmail.com
2019-12-09 13:40:32,536,kaggle,БОНДАРЕВА ЕЛИЗАВЕТА АНАТОЛЬЕВНА,1,pension7@gmail.com
2019-12-09 13:40:32,537,kaggle,ГРИГОРЬЕВ ЗАУР АЛИЕВИЧ,1,trailblazing48@mail.ru
2019-12-09 13:40:32,538,kaggle,КОВАЛЕВ ДЕНИС ЕГОРОВИЧ,1,lawful1@gmail.com
2019-12-09 13:40:32,539,kaggle,ЗАЙЦЕВА ЗУЛЬФИЯ ВАЛЕРИЕВНА,1,tithing@gmail.com
2019-12-09 13:40:32,540,kaggle,КУЛИКОВА НАТАЛИЯ РУСЛАНОВНА,1,shah97@yandex.ru
2019-12-09 13:40:32,541,kaggle,МИШИН АНТОН ГЕННАДЬЕВИЧ,1,stale4@mail.ru
2019-12-09 13:40:32,542,kaggle,МОРОЗОВА ГУЗЕЛЬ ВЕНИАМИНОВНА,1,festoon@list.ru
2019-12-09 13:40:32,543,kaggle,МАЙОРОВА ЛЮБОВЬ АНТОНОВНА,1,playpen@mail.ru
2019-12-09 13:40:32,544,kaggle,ЛЕВИНА ИННА ЕГОРОВНА,1,tonnage6@list.ru
2019-12-09 13:40:32,545,kaggle,ТЕРЕХОВ ГЕОРГИЙ РАВИЛЕВИЧ,1,benevolent78@mail.ru
2019-12-09 13:40:32,546,kaggle,КИМ КИРА ВАСИЛЬЕВНА,1,argument70@yandex.ru
2019-12-09 13:40:32,547,kaggle,АКСЕНОВ АРКАДИЙ ИГОРЕВИЧ,1,min@mail.ru
2019-12-09 13:40:32,548,kaggle,ДАВЫДОВ АРТУР РИНАТОВИЧ,1,electrocardiograph@yandex.ru
2019-12-09 13:40:32,549,kaggle,ПЕТРОВ ЕГОР АЛЕКСЕЕВИЧ,1,deign610@yandex.ru
2019-12-09 13:40:32,550,kaggle,БИРЮКОВА ДАРЬЯ ИЛЬИНИЧНА,1,Cavendish3@yandex.ru
2019-12-09 13:40:32,551,kaggle,КАЛИНИН ГЕРМАН ЕГОРОВИЧ,1,retch@yandex.ru
2019-12-09 13:40:32,552,kaggle,СОРОКИН РИНАТ САМВЕЛОВИЧ,1,Ernest578@mail.ru
2019-12-09 13:40:32,553,kaggle,БОРИСОВА СОФЬЯ НИКОЛАЕВНА,1,divorcee5@mail.ru
2019-12-09 13:40:32,554,kaggle,СУЛТАНОВА ЖАННА ГЕРМАНОВНА,1,Novak540@gmail.com
2019-12-09 13:40:32,555,kaggle,НАУМОВ ДАВИД ПЕТРОВИЧ,1,clammy91@yandex.ru
2019-12-09 13:40:32,556,kaggle,АНТОНОВ СВЯТОСЛАВ МИХАЙЛОВИЧ,1,neo870@mail.ru
2019-12-09 13:40:32,557,kaggle,ПРОХОРОВ ЯН ДМИТРИЕВИЧ,1,noisome836@list.ru
2019-12-09 13:40:32,558,kaggle,САМОЙЛОВ ТАРАС СТЕПАНОВИЧ,1,animist06@list.ru
2019-12-09 13:40:32,559,kaggle,НОСОВА МАРИАННА РАШИТОВНА,1,Judson14@mail.ru
2019-12-09 13:40:32,560,kaggle,ВОРОНИН РОБЕРТ ИВАНОВИЧ,1,McGinnis19@gmail.com
2019-12-09 13:40:32,561,kaggle,ТРЕТЬЯКОВ РАФАЭЛЬ СЕМЕНОВИЧ,1,forgetting8@list.ru
2019-12-09 13:40:32,562,kaggle,ЗУЕВА МАЙЯ ГЕРМАНОВНА,1,sundry867@yandex.ru
2019-12-09 13:40:32,563,kaggle,АЛИЕВА ЭММА ИОСИФОВНА,1,Borden59@mail.ru
2019-12-09 13:40:32,564,kaggle,БИРЮКОВ РЕНАТ РУСЛАНОВИЧ,1,reclusive1@yandex.ru
2019-12-09 13:40:32,565,kaggle,ЧИСТЯКОВ АЙРАТ РУДОЛЬФОВИЧ,1,acerbity588@yandex.ru
2019-12-09 13:40:32,566,kaggle,ЗОТОВА ТАИСИЯ РАВИЛЕВНА,1,audience610@yandex.ru
2019-12-09 13:40:32,567,kaggle,ЧЕРНОВ ВАЛЕНТИН МАРАТОВИЧ,1,rivulet642@list.ru
2019-12-09 13:40:32,568,kaggle,ГОРБАЧЕВ ВАСИЛИЙ ФЕДОРОВИЧ,1,ignore9@gmail.com
2019-12-09 13:40:32,569,kaggle,ТИХОНОВ АРТУР ВАДИМОВИЧ,1,expiry099@gmail.com
2019-12-09 13:40:32,570,kaggle,АЛЕКСЕЕВ АЗАМАТ МАРАТОВИЧ,1,cf2@list.ru
2019-12-09 13:40:32,571,kaggle,БОБРОВА ФАТИМА МАРАТОВНА,1,nautical33@gmail.com
2019-12-09 13:40:32,572,kaggle,РУМЯНЦЕВ ИГОРЬ ИБРАГИМОВИЧ,1,Bengali5@list.ru
2019-12-09 13:40:32,573,kaggle,МАМЕДОВА ВИОЛЕТТА ВАСИЛЬЕВНА,1,quadrilateral929@mail.ru
2019-12-09 13:40:32,574,kaggle,ФИЛИППОВА ЗАЛИНА ПАВЛОВНА,1,cot7@mail.ru
2019-12-09 13:40:32,575,kaggle,КРАВЦОВА ЛИДИЯ РАВИЛЕВНА,1,joust@list.ru
2019-12-09 13:40:32,576,kaggle,АРХИПОВА АЛЕВТИНА РАФИКОВНА,1,besiege495@mail.ru
2019-12-09 13:40:32,577,kaggle,РОМАНЕНКО АЛЕНА АФАНАСЬЕВНА,1,Sylow0@list.ru
2019-12-09 13:40:32,578,kaggle,КРЫЛОВ АРМЕН ПЕТРОВИЧ,1,Sadler431@mail.ru
2019-12-09 13:40:32,579,kaggle,ТРЕТЬЯКОВ ИГОРЬ ГЕОРГИЕВИЧ,1,relief03@list.ru
2019-12-09 13:40:32,580,kaggle,КИРИЛЛОВ АЗАТ ВЯЧЕСЛАВОВИЧ,1,Anthony032@mail.ru
2019-12-09 13:40:32,581,kaggle,АНИСИМОВ СТАНИСЛАВ ЛЕОНИДОВИЧ,1,thereupon787@mail.ru
2019-12-09 13:40:32,582,kaggle,МИШИН ЕГОР ПАВЛОВИЧ,1,Yost@gmail.com
2019-12-09 13:40:32,583,kaggle,ТАРАСОВА РОЗА РАФИКОВНА,1,grandiose626@yandex.ru
2019-12-09 13:40:32,584,kaggle,МАСЛОВ КИРИЛЛ АЛЬБЕРТОВИЧ,1,navigable965@gmail.com
2019-12-09 13:40:32,585,kaggle,БЫЧКОВ АНАТОЛИЙ АШОТОВИЧ,1,Emil6@list.ru
2019-12-09 13:40:32,586,kaggle,МИТРОФАНОВ АЛЕКСЕЙ ИЛЬИЧ,1,bail3@yandex.ru
2019-12-09 13:40:32,587,kaggle,ГОРШКОВ МАГОМЕД ВАЛЕРИЕВИЧ,1,befog41@mail.ru
2019-12-09 13:40:32,588,kaggle,КИМ ИНЕССА АЛЕКСАНДРОВНА,1,Abidjan513@mail.ru
2019-12-09 13:40:32,589,kaggle,СЕМЕНОВ МАКСИМ ИВАНОВИЧ,1,quandary944@yandex.ru
2019-12-09 13:40:32,590,kaggle,ГРОМОВ РОМАН ВЛАДИМИРОВИЧ,1,Chinese@list.ru
2019-12-09 13:40:32,591,kaggle,КУЛИКОВ АЗАМАТ ИГОРЕВИЧ,1,flemish732@mail.ru
2019-12-09 13:40:32,592,kaggle,КУЗИНА ВАЛЕНТИНА ТИМОФЕЕВНА,1,impiety@list.ru
2019-12-09 13:40:32,593,kaggle,ТРОФИМОВ АЛЕКСЕЙ ВАСИЛЬЕВИЧ,1,hypothermia53@list.ru
2019-12-09 13:40:32,594,kaggle,КАЛИНИН ГЛЕБ МАНСУРОВИЧ,1,insect@yandex.ru
2019-12-09 13:40:32,595,kaggle,ПРОХОРОВ САМВЕЛ ЮРЬЕВИЧ,1,leitmotif9@list.ru
2019-12-09 13:40:32,596,kaggle,АРХИПОВА ЕЛЕНА ХАСАНОВНА,1,beware3@mail.ru
2019-12-09 13:40:32,597,kaggle,ЛОГИНОВА ТАИСИЯ АЛЬБЕРТОВНА,1,quadrupole2@yandex.ru
2019-12-09 13:40:32,598,kaggle,БЫЧКОВ ОЛЕГ ЛЬВОВИЧ,1,exam6@mail.ru
2019-12-09 13:40:32,599,kaggle,КОНОВАЛОВ ДАНИЛА АЛЕКСАНДРОВИЧ,1,august698@mail.ru
2019-12-09 13:40:32,600,kaggle,ЧЕРНЫШЕВ СТЕПАН ВАСИЛЬЕВИЧ,1,telecommunicate56@mail.ru
2019-12-09 13:40:32,601,kaggle,ЕРЕМЕЕВА МАРИЯ ФАРИТОВНА,1,bicep28@gmail.com
2019-12-09 13:40:32,602,kaggle,ЛУКИН АЛАН ВЯЧЕСЛАВОВИЧ,1,benthic558@gmail.com
2019-12-09 13:40:32,603,kaggle,ЕРЕМИН АЛИК ВЛАДИМИРОВИЧ,1,shame0@mail.ru
2019-12-09 13:40:32,604,kaggle,НИКИТИН ЯРОСЛАВ ВЛАДИМИРОВИЧ,1,melody80@yandex.ru
2019-12-09 13:40:32,605,kaggle,ЛУКЬЯНОВА УЛЬЯНА ВЯЧЕСЛАВОВНА,1,Bergen7@list.ru
2019-12-09 13:40:32,606,kaggle,НЕКРАСОВА АНГЕЛИНА ЕФИМОВНА,1,eastern@gmail.com
2019-12-09 13:40:32,607,kaggle,ИЛЬИНА ИНГА РАВИЛЬЕВНА,1,lathe04@list.ru
2019-12-09 13:40:32,608,kaggle,ОСИПОВА РЕГИНА ВАЛЕРИЕВНА,1,tubule133@gmail.com
2019-12-09 13:40:32,609,kaggle,НАУМОВА РЕГИНА СЕМЕНОВНА,1,Frenchman6@yandex.ru
2019-12-09 13:40:32,610,kaggle,ТИТОВА СВЕТЛАНА ФИЛИППОВНА,1,bowman25@gmail.com
2019-12-09 13:40:32,611,kaggle,ВОРОНИНА ВАЛЕРИЯ ВЕНИАМИНОВНА,1,Hyde50@mail.ru
2019-12-09 13:40:32,612,kaggle,КАЗАКОВ АЙРАТ МАРАТОВИЧ,1,whirligig1@gmail.com
2019-12-09 13:40:32,613,kaggle,ЗОРИНА ЗАЛИНА ПАВЛОВНА,1,burgess14@mail.ru
2019-12-09 13:40:32,614,kaggle,РОЖКОВА АНЖЕЛА РАВИЛЬЕВНА,1,worsen@list.ru
2019-12-09 13:40:32,615,kaggle,ВОЛКОВ СВЯТОСЛАВ РУДОЛЬФОВИЧ,1,greasy42@list.ru
2019-12-09 13:40:32,616,kaggle,НЕЧАЕВА ЭЛЬЗА ВАЛЕРЬЕВНА,1,Kennedy@mail.ru
2019-12-09 13:40:32,617,kaggle,ВОРОБЬЕВА ИРИНА ИБРАГИМОВНА,1,teal2@gmail.com
2019-12-09 13:40:32,618,kaggle,ФИЛИППОВА ЛАРИСА ЕВГЕНЬЕВНА,1,Romanesque0@gmail.com
2019-12-09 13:40:32,619,kaggle,ОРЛОВ КОНСТАНТИН БОРИСОВИЧ,1,estrus13@mail.ru
2019-12-09 13:40:32,620,kaggle,БОГДАНОВ РЕНАТ АРТУРОВИЧ,1,salon@yandex.ru
2019-12-09 13:40:32,621,kaggle,ДЕМЕНТЬЕВА АЛЕСЯ БОРИСОВНА,1,tableau@yandex.ru
2019-12-09 13:40:32,622,kaggle,ВОЛКОВ РОБЕРТ ВАЛЕРИЕВИЧ,1,strict704@list.ru
2019-12-09 13:40:32,623,kaggle,СОКОЛОВ ТАРАС ИЛЬИЧ,1,gentry488@yandex.ru
2019-12-09 13:40:32,624,kaggle,ТИХОМИРОВА ИНЕССА НАИЛЕВНА,1,stomp04@gmail.com
2019-12-09 13:40:32,625,kaggle,ЦВЕТКОВА ЛАРИСА ГРИГОРЬЕВНА,1,foam25@gmail.com
2019-12-09 13:40:32,626,kaggle,КУЛИКОВА ЗАРЕМА ПАВЛОВНА,1,closet@yandex.ru
2019-12-09 13:40:32,627,kaggle,ЛУКИН ПЁТР МАГОМЕДОВИЧ,1,insist2@list.ru
2019-12-09 13:40:32,628,kaggle,ПОПОВ ЕВГЕНИЙ ЯКОВЛЕВИЧ,1,Dhabi2@yandex.ru
2019-12-09 13:40:32,629,kaggle,ДЕМИНА ЕЛЕНА ВИКТОРОВНА,1,seaward115@gmail.com
2019-12-09 13:40:32,630,kaggle,МАЛАХОВА ВИКТОРИЯ ХАСАНОВНА,1,scavenge610@yandex.ru
2019-12-09 13:40:32,631,kaggle,ВИНОГРАДОВА ГУЛЬНАРА ИЛЬИНИЧНА,1,anatomy801@gmail.com
2019-12-09 13:40:32,632,kaggle,САЗОНОВА АЛЁНА АЛЬБЕРТОВНА,1,spindle@gmail.com
2019-12-09 13:40:32,633,kaggle,ЛАРИНА ЕЛЕНА ВЕНИАМИНОВНА,1,tomato768@gmail.com
2019-12-09 13:40:32,634,kaggle,АБРАМОВА НАДЕЖДА ФЕДОРОВНА,1,zodiac1@mail.ru
2019-12-09 13:40:32,635,kaggle,СЕЛЕЗНЕВ АЙДАР ГЕННАДЬЕВИЧ,1,adjoin@list.ru
2019-12-09 13:40:32,636,kaggle,УСТИНОВА РИММА ВАЛЕРЬЕВНА,1,Davies40@gmail.com
2019-12-09 13:40:32,637,kaggle,КОЗЛОВА АЛЕВТИНА ФЁДОРОВНА,1,auger246@yandex.ru
2019-12-09 13:40:32,638,kaggle,МАРКИН КАРЕН ДМИТРИЕВИЧ,1,iceland692@mail.ru
2019-12-09 13:40:32,639,kaggle,ГОЛОВИН РАФАЭЛЬ ЯКОВЛЕВИЧ,1,glass043@yandex.ru
2019-12-09 13:40:32,640,kaggle,БОГДАНОВ ЗАУР РОБЕРТОВИЧ,1,indeterminable2@yandex.ru
2019-12-09 13:40:32,641,kaggle,КИМ СОФИЯ ФИЛИППОВНА,1,Shelley@gmail.com
2019-12-09 13:40:32,642,kaggle,БУЛАТОВА СВЕТЛАНА РАМИЛЕВНА,1,obstruct9@gmail.com
2019-12-09 13:40:32,643,kaggle,СПИРИДОНОВ РАВИЛЬ АЛЬБЕРТОВИЧ,1,feint4@yandex.ru
2019-12-09 13:40:32,644,kaggle,ВОРОНОВА АЛЕКСАНДРА ВЛАДИМИРОВНА,1,puny06@list.ru
2019-12-09 13:40:32,645,kaggle,ОРЛОВ МАКСИМ ФЕДОРОВИЧ,1,orate760@gmail.com
2019-12-09 13:40:32,646,kaggle,ЛАЗАРЕВ ПАВЕЛ АЛИЕВИЧ,1,invasive@yandex.ru
2019-12-09 13:40:32,647,kaggle,ХАРИТОНОВА ЗУХРА МАНСУРОВНА,1,eighteen@gmail.com
2019-12-09 13:40:32,648,kaggle,ГОРБАЧЕВА ИРИНА ВАЛЕРИЕВНА,1,equine15@gmail.com
2019-12-09 13:40:32,649,kaggle,РЯБОВА ВАЛЕНТИНА КОНСТАНТИНОВНА,1,acidify395@gmail.com
2019-12-09 13:40:32,650,kaggle,ИВАНОВА ВАРВАРА ВАДИМОВНА,1,dampen749@gmail.com
2019-12-09 13:40:32,651,kaggle,ПОТАПОВ МАКСИМ РУСЛАНОВИЧ,1,javelin@yandex.ru
2019-12-09 13:40:32,652,kaggle,ИВАНОВ РОБЕРТ РАВИЛЕВИЧ,1,diagnostician198@list.ru
2019-12-09 13:40:32,653,kaggle,СКВОРЦОВА НАДЕЖДА АНДРЕЕВНА,1,aficionado37@yandex.ru
2019-12-09 13:40:32,654,kaggle,ДОРОФЕЕВА НАТАЛЬЯ ВАСИЛЬЕВНА,1,inquisitive@gmail.com
2019-12-09 13:40:32,655,kaggle,ДРОЗДОВА КАРИНА ИГОРЕВНА,1,gallows216@mail.ru
2019-12-09 13:40:32,656,kaggle,КОЗЛОВА ГУЛЬНАЗ ПЕТРОВНА,1,spongy4@gmail.com
2019-12-09 13:40:32,657,kaggle,ГРИГОРЯН РИНАТ МАКСИМОВИЧ,1,oil@yandex.ru
2019-12-09 13:40:32,658,kaggle,ШИРЯЕВА РАИСА ГЕННАДИЕВНА,1,gallantry011@mail.ru
2019-12-09 13:40:32,659,kaggle,АЛИЕВ СЕМЕН ИЛЬИЧ,1,Hyman96@yandex.ru
2019-12-09 13:40:32,660,kaggle,ВИНОГРАДОВ АЛАН ВЯЧЕСЛАВОВИЧ,1,aspect43@gmail.com
2019-12-09 13:40:32,661,kaggle,ВОРОНОВ АРТЕМ АЛЕКСАНДРОВИЧ,1,universal25@mail.ru
2019-12-09 13:40:32,662,kaggle,ДЕМИНА РИТА АЛЕКСАНДРОВНА,1,instar9@mail.ru
2019-12-09 13:40:32,663,kaggle,ЕФИМОВА ЗУХРА ЕФИМОВНА,1,baroque12@yandex.ru
2019-12-09 13:40:32,664,kaggle,САМОЙЛОВ АЛЬБЕРТ АНАТОЛЬЕВИЧ,1,groom@gmail.com
2019-12-09 13:40:32,665,kaggle,ТЕРЕХОВА РОЗА ГРИГОРЬЕВНА,1,parish09@yandex.ru
2019-12-09 13:40:32,666,kaggle,МАСЛОВ ИГОРЬ ВАЛЕРИЕВИЧ,1,engage@mail.ru
2019-12-09 13:40:32,667,kaggle,ТЕРЕНТЬЕВ РОДИОН АЛЬБЕРТОВИЧ,1,bluebird109@list.ru
2019-12-09 13:40:32,668,kaggle,МАСЛОВА ОКСАНА РУСЛАНОВНА,1,worthy053@yandex.ru
2019-12-09 13:40:32,669,kaggle,САВЧЕНКО РАФАЭЛЬ ПАВЛОВИЧ,1,ringside6@yandex.ru
2019-12-09 13:40:32,670,kaggle,ВОЛКОВ РАМИЛЬ РУДОЛЬФОВИЧ,1,incubus4@yandex.ru
2019-12-09 13:40:32,671,kaggle,ЛУКЬЯНОВ ДАНИЛА ИГОРЕВИЧ,1,usurer55@mail.ru
2019-12-09 13:40:32,672,kaggle,ФИЛИМОНОВА МАРГАРИТА ГЕННАДЬЕВНА,1,ream77@gmail.com
2019-12-09 13:40:32,673,kaggle,ЧЕРНЫХ АРСЕН ВЯЧЕСЛАВОВИЧ,1,inglorious@list.ru
2019-12-09 13:40:32,674,kaggle,КАРИМОВА АНГЕЛИНА ЕФИМОВНА,1,hilum@yandex.ru
2019-12-09 13:40:32,675,kaggle,АРХИПОВА ОЛЬГА ФАРИТОВНА,1,psychopomp3@gmail.com
2019-12-09 13:40:32,676,kaggle,ЕФРЕМОВ АЗАМАТ СТЕПАНОВИЧ,1,Maxwellian7@list.ru
2019-12-09 13:40:32,677,kaggle,ПОЗДНЯКОВА ГАЛИНА ФЁДОРОВНА,1,minim4@gmail.com
2019-12-09 13:40:32,678,kaggle,ГУСЕЙНОВ РУСТАМ ГЕРМАНОВИЧ,1,afforest@yandex.ru
2019-12-09 13:40:32,679,kaggle,КОНСТАНТИНОВА ИНЕССА ВЛАДИМИРОВНА,1,skulk5@mail.ru
2019-12-09 13:40:32,680,kaggle,БОГДАНОВ АЛЕКСЕЙ СТЕПАНОВИЧ,1,isomorphic66@gmail.com
2019-12-09 13:40:32,681,kaggle,ШВЕЦОВА ЭЛЬЗА ГЕРМАНОВНА,1,exterminate505@yandex.ru
2019-12-09 13:40:32,682,kaggle,ЧЕРНОВ ТИМУР ИБРАГИМОВИЧ,1,pulp1@gmail.com
2019-12-09 13:40:32,683,kaggle,МИШИНА ЗАЛИНА ИОСИФОВНА,1,prove@list.ru
2019-12-09 13:40:32,684,kaggle,РОЖКОВА ИРАИДА ЮРЬЕВНА,1,garrison78@list.ru
2019-12-09 13:40:32,685,kaggle,КРЮКОВ ИЛЬШАТ РАМИЛЕВИЧ,1,Conrad6@yandex.ru
2019-12-09 13:40:32,686,kaggle,ФИЛАТОВ ЛЕВ РАФИКОВИЧ,1,rivulet9@yandex.ru
2019-12-09 13:40:32,687,kaggle,КЛИМОВА АНАСТАСИЯ СТЕПАНОВНА,1,spouse399@gmail.com
2019-12-09 13:40:32,688,kaggle,АЛЕКСЕЕВ АЙДАР ВЯЧЕСЛАВОВИЧ,1,therefor@yandex.ru
2019-12-09 13:40:32,689,kaggle,МЕЛЬНИКОВА ОКСАНА ЯКОВЛЕВНА,1,crewcut9@list.ru
2019-12-09 13:40:32,690,kaggle,АНТИПОВ ГРИГОРИЙ ИЛЬДАРОВИЧ,1,complacent07@gmail.com
2019-12-09 13:40:32,691,kaggle,МАМЕДОВ РУСТАМ МИХАЙЛОВИЧ,1,quiver@gmail.com
2019-12-09 13:40:32,692,kaggle,АБРАМОВ РУСТАМ ЛЬВОВИЧ,1,Cervantes5@list.ru
2019-12-09 13:40:32,693,kaggle,СУЛЕЙМАНОВА ВАРВАРА ВАДИМОВНА,1,Fairport5@mail.ru
2019-12-09 13:40:32,694,kaggle,КОНДРАТЬЕВА АСИЯТ КИРИЛЛОВНА,1,chunky8@mail.ru
2019-12-09 13:40:32,695,kaggle,ВОРОНЦОВА АННА РУСЛАНОВНА,1,Greece36@yandex.ru
2019-12-09 13:40:32,696,kaggle,КИРЕЕВА АЙГУЛЬ БОРИСОВНА,1,allusion057@yandex.ru
2019-12-09 13:40:32,697,kaggle,ИБРАГИМОВА ЕЛЕНА НАИЛЕВНА,1,focal5@gmail.com
2019-12-09 13:40:32,698,kaggle,АЛИЕВ ГЕННАДИЙ НАИЛЕВИЧ,1,derriere9@list.ru
2019-12-09 13:40:32,699,kaggle,АЛИЕВ ИЛЬДАР ЮРЬЕВИЧ,1,via7@gmail.com
2019-12-09 13:40:32,700,kaggle,ГОРДЕЕВ АЗАТ ПАВЛОВИЧ,1,connive@mail.ru
2019-12-09 13:40:32,701,kaggle,БАЖЕНОВА ЛЮДМИЛА ИЛЬДАРОВНА,1,monopoly2@list.ru
2019-12-09 13:40:32,702,kaggle,КАРИМОВ АЗАМАТ ЛЕОНИДОВИЧ,1,Murphy@yandex.ru
2019-12-09 13:40:32,703,kaggle,БАРАНОВ ИЛЬНУР САМВЕЛОВИЧ,1,pegboard@list.ru
2019-12-09 13:40:32,704,kaggle,БЛИНОВ АРТУР АЛИЕВИЧ,1,greed270@yandex.ru
2019-12-09 13:40:32,705,kaggle,МАРКОВА РИММА ВАСИЛЬЕВНА,1,scab993@mail.ru
2019-12-09 13:40:32,706,kaggle,ТИТОВ ЮРИЙ РАШИТОВИЧ,1,scoff@list.ru
2019-12-09 13:40:32,707,kaggle,КРАВЧЕНКО АЛЁНА ВАЛЕРИЕВНА,1,Wichita@list.ru
2019-12-09 13:40:32,708,kaggle,ТИХОМИРОВА ЛИЛИЯ ВИТАЛЬЕВНА,1,egotist787@list.ru
2019-12-09 13:40:32,709,kaggle,АРТЕМЬЕВА ЗАРЕМА РУСЛАНОВНА,1,fourteenth8@gmail.com
2019-12-09 13:40:32,710,kaggle,БЫЧКОВА НИНА ЛЬВОВНА,1,committal0@gmail.com
2019-12-09 13:40:32,711,kaggle,ШЕВЧЕНКО КАРИНА ФЁДОРОВНА,1,redact2@mail.ru
2019-12-09 13:40:32,712,kaggle,АЛЕКСЕЕВ АСЛАН ВЯЧЕСЛАВОВИЧ,1,Quito@yandex.ru
2019-12-09 13:40:32,713,kaggle,РУМЯНЦЕВ АРТУР ДМИТРИЕВИЧ,1,homozygous07@list.ru
2019-12-09 13:40:32,714,kaggle,ЖДАНОВ ДАНИЛА МАРАТОВИЧ,1,Apollo40@gmail.com
2019-12-09 13:40:32,715,kaggle,УШАКОВ ВИКТОР МАКСИМОВИЧ,1,start5@mail.ru
2019-12-09 13:40:32,716,kaggle,СЕЛЕЗНЕВА МАДИНА АЛЕКСЕЕВНА,1,Cornwall@mail.ru
2019-12-09 13:40:32,717,kaggle,КАРПОВА ВИОЛЕТТА ВИКТОРОВНА,1,glob342@mail.ru
2019-12-09 13:40:32,718,kaggle,ШИШКИН АЛЬБЕРТ МАНСУРОВИЧ,1,cohort3@yandex.ru
2019-12-09 13:40:32,719,kaggle,МАСЛОВА ДАРЬЯ ВЛАДИСЛАВОВНА,1,Armageddon@list.ru
2019-12-09 13:40:32,720,kaggle,МЕДВЕДЕВ МАРСЕЛЬ РАМИЛЕВИЧ,1,giddy@yandex.ru
2019-12-09 13:40:32,721,kaggle,САВИНА ЛЮДМИЛА КОНСТАНТИНОВНА,1,leatherneck517@list.ru
2019-12-09 13:40:32,722,kaggle,САВЧЕНКО ЛЕЙЛА СТЕПАНОВНА,1,deliquescent71@yandex.ru
2019-12-09 13:40:32,723,kaggle,ДМИТРИЕВА АЛЕСЯ ВЛАДИСЛАВОВНА,1,belt665@yandex.ru
2019-12-09 13:40:32,724,kaggle,ИВАНОВ ФЕДОР ГЕРМАНОВИЧ,1,rusty397@mail.ru
2019-12-09 13:40:32,725,kaggle,САФОНОВ ИЛЬДАР ПАВЛОВИЧ,1,Pythagoras87@yandex.ru
2019-12-09 13:40:32,726,kaggle,МАМЕДОВА ЕЛИЗАВЕТА ДМИТРИЕВНА,1,Lethe3@gmail.com
2019-12-09 13:40:32,727,kaggle,ТКАЧЕНКО МАРК АРКАДЬЕВИЧ,1,Donovan@list.ru
2019-12-09 13:40:32,728,kaggle,КАРИМОВА АСИЯТ РАДИКОВНА,1,bony@yandex.ru
2019-12-09 13:40:32,729,kaggle,АЛЕКСЕЕВА ЭЛИНА РУСЛАНОВНА,1,centerpiece50@mail.ru
2019-12-09 13:40:32,730,kaggle,ГЕРАСИМОВ МАРК ЯКОВЛЕВИЧ,1,roast@yandex.ru
2019-12-09 13:40:32,731,kaggle,ШИШКИНА ДАРЬЯ ВАДИМОВНА,1,baby4@mail.ru
2019-12-09 13:40:32,732,kaggle,ТАРАСОВ ДАНИИЛ ВАСИЛЬЕВИЧ,1,pompon154@mail.ru
2019-12-09 13:40:32,733,kaggle,ТАРАСОВА АЛЕСЯ ГРИГОРЬЕВНА,1,Callahan04@gmail.com
2019-12-09 13:40:32,734,kaggle,ВИНОГРАДОВ ЭЛЬДАР РОМАНОВИЧ,1,galactose73@mail.ru
2019-12-09 13:40:32,735,kaggle,МАКАРОВ ОЛЕГ МАГОМЕДОВИЧ,1,emittance01@list.ru
2019-12-09 13:40:32,736,kaggle,ТЕРЕХОВА ИРИНА МАГОМЕДОВНА,1,Johnson@mail.ru
2019-12-09 13:40:32,737,kaggle,АНТОНОВ ТАРАС АНДРЕЕВИЧ,1,midway@list.ru
2019-12-09 13:40:32,738,kaggle,АНИСИМОВ КИРИЛЛ САМВЕЛОВИЧ,1,seismic173@gmail.com
2019-12-09 13:40:32,739,kaggle,ФОКИНА АНАСТАСИЯ АЛЕКСЕЕВНА,1,curia@mail.ru
2019-12-09 13:40:32,740,kaggle,САФОНОВА ДИНА МАНСУРОВНА,1,diffusive7@mail.ru
2019-12-09 13:40:32,741,kaggle,СУХАНОВА ЗАРЕМА ИОСИФОВНА,1,Mrs70@yandex.ru
2019-12-09 13:40:32,742,kaggle,ЛУКИНА ОЛЕСЯ АЛЕКСАНДРОВНА,1,unital0@yandex.ru
2019-12-09 13:40:32,743,kaggle,КНЯЗЕВ ВАЛЕНТИН АЛЕКСАНДРОВИЧ,1,phalanges13@list.ru
2019-12-09 13:40:32,744,kaggle,ЛУКЬЯНОВА ЗАРЕМА НАИЛЕВНА,1,Dane@gmail.com
2019-12-09 13:40:32,745,kaggle,НЕКРАСОВА АЛСУ АНДРЕЕВНА,1,install2@mail.ru
2019-12-09 13:40:32,746,kaggle,МИРОНОВ МАРАТ МАКСИМОВИЧ,1,sprinkle@list.ru
2019-12-09 13:40:32,747,kaggle,КОРНЕЕВА РЕГИНА РАМИЛЕВНА,1,over9@mail.ru
2019-12-09 13:40:32,748,kaggle,КОСТИН РОБЕРТ ГЕОРГИЕВИЧ,1,Bonaparte95@mail.ru
2019-12-09 13:40:32,749,kaggle,МОРОЗОВА ГУЛЬНАРА МАКСИМОВНА,1,Waterhouse644@list.ru
2019-12-09 13:40:32,750,kaggle,ЛУКЬЯНОВА ИРАИДА ВИКТОРОВНА,1,proprietary@mail.ru
2019-12-09 13:40:32,751,kaggle,ФЕДОРОВ ВЯЧЕСЛАВ ГРИГОРЬЕВИЧ,1,dime329@mail.ru
2019-12-09 13:40:32,752,kaggle,ПАНИН РИНАТ ВАЛЕРИЕВИЧ,1,kern00@list.ru
2019-12-09 13:40:32,753,kaggle,ЮСУПОВА МАДИНА МИХАЙЛОВНА,1,irreconciliable2@mail.ru
2019-12-09 13:40:32,754,kaggle,КУДРЯШОВ ЭЛЬДАР ГРИГОРЬЕВИЧ,1,transmittal185@list.ru
2019-12-09 13:40:32,755,kaggle,ДЕНИСОВА ИННА ГЕРМАНОВНА,1,college61@gmail.com
2019-12-09 13:40:32,756,kaggle,ДОРОФЕЕВА АЛЕКСАНДРА ГАВРИЛОВНА,1,childish15@gmail.com
2019-12-09 13:40:32,757,kaggle,ШЕВЧЕНКО АРСЕН ВЛАДИСЛАВОВИЧ,1,admission161@list.ru
2019-12-09 13:40:32,758,kaggle,КОЖЕВНИКОВ АЛЕКСЕЙ ЕВГЕНЬЕВИЧ,1,shan't863@mail.ru
2019-12-09 13:40:32,759,kaggle,КИМ РЕНАТ АРКАДЬЕВИЧ,1,pushbutton15@mail.ru
2019-12-09 13:40:32,760,kaggle,ГОРБУНОВА ПОЛИНА ОЛЕГОВНА,1,endothelial@mail.ru
2019-12-09 13:40:32,761,kaggle,МЕДВЕДЕВА АЛЕВТИНА ГЕННАДЬЕВНА,1,fundraiser@mail.ru
2019-12-09 13:40:32,762,kaggle,МИРОНОВ ТИМУР ВИТАЛЬЕВИЧ,1,Pomona9@mail.ru
2019-12-09 13:40:32,763,kaggle,ФЕДОРОВ АРКАДИЙ ЛЬВОВИЧ,1,wavy7@mail.ru
2019-12-09 13:40:32,764,kaggle,БОНДАРЕНКО РОЗА НИКОЛАЕВНА,1,marque6@gmail.com
2019-12-09 13:40:32,765,kaggle,КОТОВ НИКИТА ДАМИРОВИЧ,1,lend@gmail.com
2019-12-09 13:40:32,766,kaggle,ТРЕТЬЯКОВА МАЙЯ ВАЛЕРЬЕВНА,1,beige019@gmail.com
2019-12-09 13:40:32,767,kaggle,НИКОЛАЕВ СТЕПАН АРТУРОВИЧ,1,loathsome53@yandex.ru
2019-12-09 13:40:32,768,kaggle,ПЕТРОВ МИХАИЛ ГРИГОРЬЕВИЧ,1,guttural0@list.ru
2019-12-09 13:40:32,769,kaggle,ЧЕРНИКОВА НАДЕЖДА СЕМЕНОВНА,1,Yaounde@list.ru
2019-12-09 13:40:32,770,kaggle,НАЗАРОВА ЭЛЬЗА МИХАЙЛОВНА,1,hadn't0@list.ru
2019-12-09 13:40:32,771,kaggle,МАРТЫНОВА ДАРЬЯ ИГОРЕВНА,1,adamant@mail.ru
2019-12-09 13:40:32,772,kaggle,БОРОДИН ФИЛИПП РАИСОВИЧ,1,fertile@mail.ru
2019-12-09 13:40:32,773,kaggle,ОВСЯННИКОВА ЖАННА РАШИДОВНА,1,debit@yandex.ru
2019-12-09 13:40:32,774,kaggle,ФИЛИМОНОВА ВИОЛЕТТА АНТОНОВНА,1,bang@list.ru
2019-12-09 13:40:32,775,kaggle,КОЖЕВНИКОВА КРИСТИНА ЕФИМОВНА,1,Evelyn@gmail.com
2019-12-09 13:40:32,776,kaggle,АНИСИМОВА КРИСТИНА ВИКТОРОВНА,1,grow80@mail.ru
2019-12-09 13:40:32,777,kaggle,ВОРОНОВ АЛЕКСАНДР РУСЛАНОВИЧ,1,battlefield70@gmail.com
2019-12-09 13:40:32,778,kaggle,ДМИТРИЕВА АЛЕКСАНДРА РОБЕРТОВНА,1,disrupt@mail.ru
2019-12-09 13:40:32,779,kaggle,СЫЧЕВА ЛУИЗА АЛЬБЕРТОВНА,1,subsistent558@list.ru
2019-12-09 13:40:32,780,kaggle,КОНСТАНТИНОВ ГЛЕБ ЛЬВОВИЧ,1,Zanzibar476@yandex.ru
2019-12-09 13:40:32,781,kaggle,ГАЛКИНА МАЙЯ ГРИГОРЬЕВНА,1,probe962@gmail.com
2019-12-09 13:40:32,782,kaggle,ЧЕРНЫХ АСЛАН РАМИЛЕВИЧ,1,aileron@mail.ru
2019-12-09 13:40:32,783,kaggle,АНИСИМОВА ФАТИМА НИКОЛАЕВНА,1,integument6@mail.ru
2019-12-09 13:40:32,784,kaggle,ЯКОВЛЕВ АШОТ МАРАТОВИЧ,1,walla506@yandex.ru
2019-12-09 13:40:32,785,kaggle,ЕМЕЛЬЯНОВ АРТУР ВИКТОРОВИЧ,1,Pisces@mail.ru
2019-12-09 13:40:32,786,kaggle,ЛАРИН ПЕТР МАНСУРОВИЧ,1,landmark91@mail.ru
2019-12-09 13:40:32,787,kaggle,ВОРОБЬЕВ МАРАТ СТАНИСЛАВОВИЧ,1,install752@gmail.com
2019-12-09 13:40:32,788,kaggle,КАРИМОВ КАРЕН РИНАТОВИЧ,1,WA363@yandex.ru
2019-12-09 13:40:32,789,kaggle,СЕМЕНОВ ДМИТРИЙ АНАТОЛЬЕВИЧ,1,solicitous@mail.ru
2019-12-09 13:40:32,790,kaggle,ГУСЕЙНОВ РЕНАТ ВАЛЕРЬЕВИЧ,1,sociable655@gmail.com
2019-12-09 13:40:32,791,kaggle,МИШИНА АЛЕСЯ ГРИГОРЬЕВНА,1,westernmost3@gmail.com
2019-12-09 13:40:32,792,kaggle,МАКСИМОВА РИТА ПАВЛОВНА,1,destinate988@gmail.com
2019-12-09 13:40:32,793,kaggle,ЮСУПОВ ВЯЧЕСЛАВ ВЛАДИСЛАВОВИЧ,1,Selfridge244@gmail.com
2019-12-09 13:40:32,794,kaggle,ИСАЕВА ТАМАРА АРТУРОВНА,1,heed7@gmail.com
2019-12-09 13:40:32,795,kaggle,НОВИКОВА АЛЬБИНА РАФИКОВНА,1,degumming212@yandex.ru
2019-12-09 13:40:32,796,kaggle,КУДРЯВЦЕВА ГАЛИЯ ДАМИРОВНА,1,railway991@yandex.ru
2019-12-09 13:40:32,797,kaggle,КОМАРОВА ВЕРОНИКА РАИСОВНА,1,inhalation@mail.ru
2019-12-09 13:40:32,798,kaggle,БОНДАРЕВ МАРСЕЛЬ ВИТАЛЬЕВИЧ,1,geodesic1@yandex.ru
2019-12-09 13:40:32,799,kaggle,МАКСИМОВА ЭММА ФАРИТОВНА,1,eluate145@mail.ru
2019-12-09 13:40:32,800,kaggle,ВОРОНОВ РАШИД ВИТАЛЬЕВИЧ,1,kaleidoscope1@mail.ru
2019-12-09 13:40:32,801,kaggle,ФИЛИППОВ ПАВЕЛ ДМИТРИЕВИЧ,1,Oakland04@yandex.ru
2019-12-09 13:40:32,802,kaggle,АЛИЕВА АРИНА ИННОКЕНТЬЕВНА,1,Madeline@yandex.ru
2019-12-09 13:40:32,803,kaggle,ДМИТРИЕВ РИНАТ ИОСИФОВИЧ,1,velar@gmail.com
2019-12-09 13:40:32,804,kaggle,ГРИГОРЯН ЕВГЕНИЙ МАКСИМОВИЧ,1,aviatrix@yandex.ru
2019-12-09 13:40:32,805,kaggle,КОТОВ ЯН ФЕДОРОВИЧ,1,intermittent49@list.ru
2019-12-09 13:40:32,806,kaggle,БЫЧКОВА ИРИНА КОНСТАНТИНОВНА,1,centipede@gmail.com
2019-12-09 13:40:32,807,kaggle,СУЛЕЙМАНОВА АНТОНИНА ВИТАЛЬЕВНА,1,kindred@mail.ru
2019-12-09 13:40:32,808,kaggle,АЛЕКСЕЕВА ОКСАНА НАИЛЕВНА,1,intensify25@list.ru
2019-12-09 13:40:32,809,kaggle,ЩЕРБАКОВ МАРК ГРИГОРЬЕВИЧ,1,mistletoe@mail.ru
2019-12-09 13:40:32,810,kaggle,ЛЕОНТЬЕВ МАРАТ РУДОЛЬФОВИЧ,1,strength11@yandex.ru
2019-12-09 13:40:32,811,kaggle,АНИСИМОВ ГРИГОРИЙ ИЛЬИЧ,1,bear@gmail.com
2019-12-09 13:40:32,812,kaggle,СИМОНОВ РАВИЛЬ РАДИКОВИЧ,1,blitz@mail.ru
2019-12-09 13:40:32,813,kaggle,КОВАЛЕВ ДЕНИС ПАВЛОВИЧ,1,pokerface194@yandex.ru
2019-12-09 13:40:32,814,kaggle,НИКИТИНА МАРИЯ МУХАМЕДОВНА,1,Atwood@mail.ru
2019-12-09 13:40:32,815,kaggle,БОРОДИН ИГОРЬ РАВИЛЕВИЧ,1,tyke@yandex.ru
2019-12-09 13:40:32,816,kaggle,ГОРБАЧЕВ СВЯТОСЛАВ ВЕНИАМИНОВИЧ,1,Godfrey85@mail.ru
2019-12-09 13:40:32,817,kaggle,РУБЦОВА ГУЛЬНАРА АЛЬБЕРТОВНА,1,Weierstrass442@mail.ru
2019-12-09 13:40:32,818,kaggle,ГОЛОВИН АРТЁМ РАВИЛЕВИЧ,1,despair58@gmail.com
2019-12-09 13:40:32,819,kaggle,МЕДВЕДЕВА КЛАВДИЯ АЛЬБЕРТОВНА,1,acrylate@mail.ru
2019-12-09 13:40:32,820,kaggle,КАЛИНИН ПАВЕЛ АРКАДЬЕВИЧ,1,histology@mail.ru
2019-12-09 13:40:32,821,kaggle,КРАВЧЕНКО ВАСИЛИЙ МАРАТОВИЧ,1,scrapbook361@list.ru
2019-12-09 13:40:32,822,kaggle,ИСАЕВА ГАЛИНА РАФИКОВНА,1,shovel73@gmail.com
2019-12-09 13:40:32,823,kaggle,АКСЕНОВ ГЕРМАН ВЛАДИМИРОВИЧ,1,Wendy2@gmail.com
2019-12-09 13:40:32,824,kaggle,КОМАРОВА ИНЕССА ГАВРИЛОВНА,1,Marianne3@mail.ru
2019-12-09 13:40:32,825,kaggle,ЖДАНОВ РОМАН ВАДИМОВИЧ,1,holdover10@list.ru
2019-12-09 13:40:32,826,kaggle,АКОПЯН АРТЕМ ФАРИТОВИЧ,1,tug027@gmail.com
2019-12-09 13:40:32,827,kaggle,КОРОЛЕВ СТЕПАН АЛИЕВИЧ,1,wallpaper555@list.ru
2019-12-09 13:40:32,828,kaggle,ЮДИНА ДАРЬЯ РАФАИЛОВНА,1,sherry@yandex.ru
2019-12-09 13:40:32,829,kaggle,БЛИНОВ АЛЕКСЕЙ СТАНИСЛАВОВИЧ,1,ethos233@yandex.ru
2019-12-09 13:40:32,830,kaggle,ФОМИН АРТЁМ РАШИТОВИЧ,1,lobule850@gmail.com
2019-12-09 13:40:32,831,kaggle,ЛАЗАРЕВА АНАСТАСИЯ ОЛЕГОВНА,1,compress98@gmail.com
2019-12-09 13:40:32,832,kaggle,ГОНЧАРОВА ЖАННА АРКАДЬЕВНА,1,permit19@mail.ru
2019-12-09 13:40:32,833,kaggle,КАЛИНИНА ВЕРОНИКА РАФИКОВНА,1,blasphemy1@list.ru
2019-12-09 13:40:32,834,kaggle,ЕРШОВА ЗАРЕМА РАВИЛЬЕВНА,1,Phoenicia1@list.ru
2019-12-09 13:40:32,835,kaggle,ЧЕРНЫШЕВА ЭЛЛА ФЁДОРОВНА,1,bloke@yandex.ru
2019-12-09 13:40:32,836,kaggle,ДЕМИДОВА АЛЕВТИНА АФАНАСЬЕВНА,1,piano@yandex.ru
2019-12-09 13:40:32,837,kaggle,СЕРГЕЕВ НАИЛЬ ФЁДОРОВИЧ,1,terpsichorean78@list.ru
2019-12-09 13:40:32,838,kaggle,АХМЕТОВА ЗАРИНА ЕФИМОВНА,1,scant4@list.ru
2019-12-09 13:40:32,839,kaggle,ЕРЕМИНА АНЖЕЛИКА ЛЕОНИДОВНА,1,contiguity256@yandex.ru
2019-12-09 13:40:32,840,kaggle,МАРКОВА ЕЛИЗАВЕТА ОЛЕГОВНА,1,bigot@mail.ru
2019-12-09 13:40:32,841,kaggle,ЗОТОВ КАРЕН АРТУРОВИЧ,1,Buxton050@yandex.ru
2019-12-09 13:40:32,842,kaggle,ЧЕРЕПАНОВ ИЛЬНУР ГРИГОРЬЕВИЧ,1,benefice810@yandex.ru
2019-12-09 13:40:32,843,kaggle,ЩЕРБАКОВ АСЛАН РАФИКОВИЧ,1,beige9@gmail.com
2019-12-09 13:40:32,844,kaggle,ДЕМИНА ИНГА ГАВРИЛОВНА,1,arclength3@yandex.ru
2019-12-09 13:40:32,845,kaggle,ШИШКИН ВАСИЛИЙ ФЁДОРОВИЧ,1,cylinder@yandex.ru
2019-12-09 13:40:32,846,kaggle,КАЛИНИН ДАНИИЛ ВИКТОРОВИЧ,1,malignant50@gmail.com
2019-12-09 13:40:32,847,kaggle,ПАХОМОВА АРИНА ЕВГЕНЬЕВНА,1,childbirth@gmail.com
2019-12-09 13:40:32,848,kaggle,ТРЕТЬЯКОВА ОЛЕСЯ ГЕННАДИЕВНА,1,sucrose73@mail.ru
2019-12-09 13:40:32,849,kaggle,ВЛАСОВ ФИЛИПП РАИСОВИЧ,1,fishpond2@mail.ru
2019-12-09 13:40:32,850,kaggle,АБРАМОВА ВЕНЕРА РОМАНОВНА,1,refract72@list.ru
2019-12-09 13:40:32,851,kaggle,ТЕРЕНТЬЕВ АШОТ РАШИТОВИЧ,1,Blanche3@list.ru
2019-12-09 13:40:32,852,kaggle,САЗОНОВА СОФЬЯ МАКСИМОВНА,1,corrosive@list.ru
2019-12-09 13:40:32,853,kaggle,СМИРНОВ ВАСИЛИЙ АНВАРОВИЧ,1,Boswell3@mail.ru
2019-12-09 13:40:32,854,kaggle,РОЖКОВА РОЗА ДАМИРОВНА,1,lion1@list.ru
2019-12-09 13:40:32,855,kaggle,ЗАХАРОВ ОЛЕГ ВАСИЛЬЕВИЧ,1,gasoline31@list.ru
2019-12-09 13:40:32,856,kaggle,ФИЛИМОНОВ АСЛАН ВЛАДИСЛАВОВИЧ,1,cur160@gmail.com
2019-12-09 13:40:32,857,kaggle,СЕЛЕЗНЕВА АЛЕНА ИННОКЕНТЬЕВНА,1,altruist153@yandex.ru
2019-12-09 13:40:32,858,kaggle,ВАСИЛЬЕВА НАТАЛЬЯ АНТОНОВНА,1,scam372@gmail.com
2019-12-09 13:40:32,859,kaggle,КУЛАКОВ ВАЛЕРИЙ ИВАНОВИЧ,1,trashy@yandex.ru
2019-12-09 13:40:32,860,kaggle,ПАХОМОВА ГУЗЕЛЬ ЭДУАРДОВНА,1,Mudd63@gmail.com
2019-12-09 13:40:32,861,kaggle,НИКОЛАЕВ ДЕНИС РАДИКОВИЧ,1,astute19@list.ru
2019-12-09 13:40:32,862,kaggle,СПИРИДОНОВА РЕГИНА ЕВГЕНЬЕВНА,1,weaponry@mail.ru
2019-12-09 13:40:32,863,kaggle,РОДИОНОВА ЗУЛЬФИЯ ИОСИФОВНА,1,infringe616@mail.ru
2019-12-09 13:40:32,864,kaggle,СОЛОВЬЕВА ВЕНЕРА ИННОКЕНТЬЕВНА,1,airspeed070@list.ru
2019-12-09 13:40:32,865,kaggle,АВДЕЕВ МИХАИЛ ВАСИЛЬЕВИЧ,1,NYU@yandex.ru
2019-12-09 13:40:32,866,kaggle,НАЗАРОВА ДАРЬЯ АЛЬБЕРТОВНА,1,precipitous53@mail.ru
2019-12-09 13:40:32,867,kaggle,ДЕНИСОВА КСЕНИЯ РОМАНОВНА,1,dull@gmail.com
2019-12-09 13:40:32,868,kaggle,МИШИНА АЛЕНА ГАВРИЛОВНА,1,dark2@mail.ru
2019-12-09 13:40:32,869,kaggle,ШЕСТАКОВА КАРИНА СЕРГЕЕВНА,1,prim9@mail.ru
2019-12-09 13:40:32,870,kaggle,КОВАЛЕНКО ЭЛЕОНОРА ИЛЬДАРОВНА,1,did@gmail.com
2019-12-09 13:40:32,871,kaggle,ПОПОВ КИРИЛЛ ГЕОРГИЕВИЧ,1,Oceania@mail.ru
2019-12-09 13:40:32,872,kaggle,ЧЕРНЫХ РОЗА ВАЛЕРИЕВНА,1,Tiber108@mail.ru
2019-12-09 13:40:32,873,kaggle,КОСТИН СЕМЕН ИЛЬДАРОВИЧ,1,presto74@yandex.ru
2019-12-09 13:40:32,874,kaggle,АНДРЕЕВА АИДА СЕМЕНОВНА,1,Mooney@gmail.com
2019-12-09 13:40:32,875,kaggle,ЧЕРЕПАНОВА АЛЕНА РОМАНОВНА,1,Boniface@mail.ru
2019-12-09 13:40:32,876,kaggle,КАЛИНИНА АЛЕНА ФЕДОРОВНА,1,glutamic7@yandex.ru
2019-12-09 13:40:32,877,kaggle,ШАПОВАЛОВА ЛИАНА РАШИТОВНА,1,midsection13@list.ru
2019-12-09 13:40:32,878,kaggle,ЕВДОКИМОВ АСЛАН ВЕНИАМИНОВИЧ,1,heir81@yandex.ru
2019-12-09 13:40:32,879,kaggle,ВОРОНОВА АНЖЕЛА ВЕНИАМИНОВНА,1,wigging36@yandex.ru
2019-12-09 13:40:32,880,kaggle,БОЛЬШАКОВА АЛЬФИЯ МАКСИМОВНА,1,typesetting6@mail.ru
2019-12-09 13:40:32,881,kaggle,САВИН БОРИС СТАНИСЛАВОВИЧ,1,cormorant639@gmail.com
2019-12-09 13:40:32,882,kaggle,УСТИНОВ ЮРИЙ ИОСИФОВИЧ,1,carob@yandex.ru
2019-12-09 13:40:32,883,kaggle,НАУМОВ АРТЁМ ЛЕОНИДОВИЧ,1,sieve70@list.ru
2019-12-09 13:40:32,884,kaggle,АНТОНОВ ГЕОРГИЙ ВИКТОРОВИЧ,1,immodesty41@list.ru
2019-12-09 13:40:32,885,kaggle,ОСИПОВА ГАЛИНА ТИМОФЕЕВНА,1,nitric20@mail.ru
2019-12-09 13:40:32,886,kaggle,ПОПОВ ЗАУР ТИМОФЕЕВИЧ,1,integrand@yandex.ru
2019-12-09 13:40:32,887,kaggle,ТИМОФЕЕВА ЗИНАИДА ЛЬВОВНА,1,Flo84@gmail.com
2019-12-09 13:40:32,888,kaggle,МИТРОФАНОВ РОДИОН АЛЬБЕРТОВИЧ,1,Dora0@mail.ru
2019-12-09 13:40:32,889,kaggle,КОНДРАТЬЕВ ВИКТОР МАНСУРОВИЧ,1,dictum017@mail.ru
2019-12-09 13:40:32,890,kaggle,ИБРАГИМОВА АЙГУЛЬ РОБЕРТОВНА,1,Thornton0@yandex.ru
2019-12-09 13:40:32,891,kaggle,СИМОНОВ БОРИС ЭДУАРДОВИЧ,1,flirtatious382@gmail.com
2019-12-09 13:40:32,892,kaggle,ГУСЕВ РОБЕРТ ФЕДОРОВИЧ,1,sensor736@mail.ru
2019-12-09 13:40:32,893,kaggle,ФОКИНА ЛАРИСА ДАНИЛОВНА,1,Endicott62@mail.ru
2019-12-09 13:40:32,894,kaggle,ОСИПОВА ГУЛЬНАЗ АФАНАСЬЕВНА,1,cloudburst23@yandex.ru
2019-12-09 13:40:32,895,kaggle,ГУСЕВ ГЕННАДИЙ ДАМИРОВИЧ,1,variant@gmail.com
2019-12-09 13:40:32,896,kaggle,СКВОРЦОВА КИРА РАДИКОВНА,1,peptide@mail.ru
2019-12-09 13:40:32,897,kaggle,АНДРЕЕВА ИНЕССА ГАВРИЛОВНА,1,spatial@yandex.ru
2019-12-09 13:40:32,898,kaggle,БОЙКО ТАМАРА ЛЕОНИДОВНА,1,skein3@gmail.com
2019-12-09 13:40:32,899,kaggle,ЛЕОНТЬЕВА ВАЛЕРИЯ ЛЬВОВНА,1,bravo139@gmail.com
2019-12-09 13:40:32,900,kaggle,ПАХОМОВ ДАНИИЛ АРКАДЬЕВИЧ,1,Ann32@gmail.com
2019-12-09 13:40:32,901,kaggle,МЕЩЕРЯКОВА ВЕРА АЛИЕВНА,1,pier862@mail.ru
2019-12-09 13:40:32,902,kaggle,САВЕЛЬЕВА ЗАРИНА ИЛЬДАРОВНА,1,Samson@list.ru
2019-12-09 13:40:32,903,kaggle,КУДРЯВЦЕВ ЕВГЕНИЙ АШОТОВИЧ,1,Anderson6@mail.ru
2019-12-09 13:40:32,904,kaggle,ГОЛОВИН ТИМОФЕЙ РИНАТОВИЧ,1,equilibrium735@list.ru
2019-12-09 13:40:32,905,kaggle,КОНОВАЛОВ БОРИС ВЕНИАМИНОВИЧ,1,followeth50@gmail.com
2019-12-09 13:40:32,906,kaggle,АРХИПОВА АСИЯТ ГЕОРГИЕВНА,1,deliberate42@yandex.ru
2019-12-09 13:40:32,907,kaggle,БЕЛЯКОВ СВЯТОСЛАВ НАИЛЕВИЧ,1,apposite@list.ru
2019-12-09 13:40:32,908,kaggle,ВЛАСОВА АЛЁНА РИНАТОВНА,1,Bacchus106@mail.ru
2019-12-09 13:40:32,909,kaggle,МИШИН МАРК РУСТАМОВИЧ,1,why@gmail.com
2019-12-09 13:40:32,910,kaggle,ЮДИН АРСЕН РАШИТОВИЧ,1,Transite180@gmail.com
2019-12-09 13:40:32,911,kaggle,ПАХОМОВА АЛЕНА РАВИЛЬЕВНА,1,postscript867@yandex.ru
2019-12-09 13:40:32,912,kaggle,ФЕДОРОВ РАДИК РАШИТОВИЧ,1,foment6@list.ru
2019-12-09 13:40:32,913,kaggle,ВЛАДИМИРОВА ТАИСИЯ ТИМОФЕЕВНА,1,tabu8@mail.ru
2019-12-09 13:40:32,914,kaggle,МЕЛЬНИКОВ ИЛЬЯ ЕГОРОВИЧ,1,impute0@list.ru
2019-12-09 13:40:32,915,kaggle,КНЯЗЕВА ВАЛЕРИЯ СТАНИСЛАВОВНА,1,enumerate@mail.ru
2019-12-09 13:40:32,916,kaggle,ШИШКИН ЯРОСЛАВ ЛЕОНИДОВИЧ,1,albumin9@gmail.com
2019-12-09 13:40:32,917,kaggle,БЕЛОУСОВА ЗИНАИДА АНДРЕЕВНА,1,contiguous57@list.ru
2019-12-09 13:40:32,918,kaggle,ИСАЕВА ГУЛЬНАРА РУСЛАНОВНА,1,infinitesimal@gmail.com
2019-12-09 13:40:32,919,kaggle,ИВАНОВ АРТЁМ ВЕНИАМИНОВИЧ,1,dam2@yandex.ru
2019-12-09 13:40:32,920,kaggle,ГОРШКОВА АЛИНА ЛЬВОВНА,1,scrooge6@list.ru
2019-12-09 13:40:32,921,kaggle,ЛИТВИНОВА АЛСУ МУХАМЕДОВНА,1,pyrophosphate@gmail.com
2019-12-09 13:40:32,922,kaggle,ЮСУПОВ ДЕНИС ФАРИТОВИЧ,1,chiton320@list.ru
2019-12-09 13:40:32,923,kaggle,ЕВСЕЕВА ГУЗЕЛЬ ДМИТРИЕВНА,1,schematic04@list.ru
2019-12-09 13:40:32,924,kaggle,КИСЕЛЕВ ИЛЬЯ ВАДИМОВИЧ,1,peon@mail.ru
2019-12-09 13:40:32,925,kaggle,ХОХЛОВ РОБЕРТ ВАЛЕРИЕВИЧ,1,egalitarian982@mail.ru
2019-12-09 13:40:32,926,kaggle,ДЕНИСОВ ВИТАЛИЙ ТИМОФЕЕВИЧ,1,roguish05@gmail.com
2019-12-09 13:40:32,927,kaggle,КУДРЯШОВ ВИТАЛИЙ СТАНИСЛАВОВИЧ,1,sob40@gmail.com
2019-12-09 13:40:32,928,kaggle,ИСАЕВ АЛЕКСАНДР ЯКОВЛЕВИЧ,1,blustery@yandex.ru
2019-12-09 13:40:32,929,kaggle,АРХИПОВА СОФИЯ АФАНАСЬЕВНА,1,shaman88@yandex.ru
2019-12-09 13:40:32,930,kaggle,ФЕДОТОВ АЛЕКСЕЙ АНДРЕЕВИЧ,1,afresh97@mail.ru
2019-12-09 13:40:32,931,kaggle,КОВАЛЕВ ЭДУАРД МАГОМЕДОВИЧ,1,Hawaii173@yandex.ru
2019-12-09 13:40:32,932,kaggle,СПИРИДОНОВ РУСТЕМ АЛЕКСАНДРОВИЧ,1,Lockian1@yandex.ru
2019-12-09 13:40:32,933,kaggle,КОНДРАТЬЕВ АЛИК РОМАНОВИЧ,1,go54@yandex.ru
2019-12-09 13:40:32,934,kaggle,КИРЕЕВА КАРИНА ИННОКЕНТЬЕВНА,1,olivine448@list.ru
2019-12-09 13:40:32,935,kaggle,НИКОЛАЕВ ИЛЬШАТ МАНСУРОВИЧ,1,dharma@yandex.ru
2019-12-09 13:40:32,936,kaggle,ВАСИЛЬЕВ АЛЕКСЕЙ БОРИСОВИЧ,1,succeed714@mail.ru
2019-12-09 13:40:32,937,kaggle,ШЕВЧЕНКО ЭММА ГЕННАДЬЕВНА,1,septate44@gmail.com
2019-12-09 13:40:32,938,kaggle,КИРИЛЛОВА РОЗА КОНСТАНТИНОВНА,1,alias21@yandex.ru
2019-12-09 13:40:32,939,kaggle,ВАСИЛЬЕВ ДАМИР ВАСИЛЬЕВИЧ,1,infinity59@list.ru
2019-12-09 13:40:32,940,kaggle,КАЗАКОВА АЛИЯ РАМАЗАНОВНА,1,dactyl93@list.ru
2019-12-09 13:40:32,941,kaggle,НИКИТИНА ВЕРОНИКА ГЕОРГИЕВНА,1,gluttony38@yandex.ru
2019-12-09 13:40:32,942,kaggle,МОРОЗОВА КЛАВДИЯ ЯКОВЛЕВНА,1,synthetic@mail.ru
2019-12-09 13:40:32,943,kaggle,МУХИН РУСТАМ ИБРАГИМОВИЧ,1,Hawkins0@mail.ru
2019-12-09 13:40:32,944,kaggle,ПОТАПОВ АНАТОЛИЙ АРКАДЬЕВИЧ,1,calcite3@mail.ru
2019-12-09 13:40:32,945,kaggle,КОСТИН ИЛЬЯ АРТУРОВИЧ,1,asthma7@mail.ru
2019-12-09 13:40:32,946,kaggle,СОКОЛОВ НИКИТА ГЕННАДИЕВИЧ,1,Americana602@list.ru
2019-12-09 13:40:32,947,kaggle,СУХАНОВА КЛАВДИЯ АЛИЕВНА,1,yeast61@mail.ru
2019-12-09 13:40:32,948,kaggle,КИСЕЛЕВ АЗАМАТ РАВИЛЬЕВИЧ,1,orbit@list.ru
2019-12-09 13:40:32,949,kaggle,ЛОГИНОВА ДИНАРА ТИМОФЕЕВНА,1,Berea46@mail.ru
2019-12-09 13:40:32,950,kaggle,ЗАЙЦЕВ ИЛЬШАТ НИКОЛАЕВИЧ,1,sweatband@mail.ru
2019-12-09 13:40:32,951,kaggle,НИКИФОРОВА СНЕЖАНА АРКАДЬЕВНА,1,infelicity1@mail.ru
2019-12-09 13:40:32,952,kaggle,ЛЕОНОВ ВАЛЕНТИН РАВИЛЬЕВИЧ,1,Waring@gmail.com
2019-12-09 13:40:32,953,kaggle,ДЕМЕНТЬЕВА ВАРВАРА ГЕРМАНОВНА,1,forgery@yandex.ru
2019-12-09 13:40:32,954,kaggle,КЛИМОВ РЕНАТ ФАРИТОВИЧ,1,Andersen@mail.ru
2019-12-09 13:40:32,955,kaggle,АЛЕКСЕЕВА ГУЛЬНАРА ВЛАДИМИРОВНА,1,wrest66@gmail.com
2019-12-09 13:40:32,956,kaggle,ЗУБКОВА АЛИЯ НИКОЛАЕВНА,1,twelfth4@mail.ru
2019-12-09 13:40:32,957,kaggle,БОБРОВА ВАРВАРА ЛЕОНИДОВНА,1,spotlight@yandex.ru
2019-12-09 13:40:32,958,kaggle,ЕГОРОВ АРТУР ОЛЕГОВИЧ,1,Slovenia2@yandex.ru
2019-12-09 13:40:32,959,kaggle,ДОРОФЕЕВА СВЕТЛАНА СЕРГЕЕВНА,1,Perth62@mail.ru
2019-12-09 13:40:32,960,kaggle,МАРКИН АЙДАР ВАЛЕНТИНОВИЧ,1,prowess9@list.ru
2019-12-09 13:40:32,961,kaggle,СИМОНОВА ФАТИМА НАИЛЕВНА,1,citric@mail.ru
2019-12-09 13:40:32,962,kaggle,БЕЛЯКОВА НАТАЛИЯ АНДРЕЕВНА,1,sanicle@list.ru
2019-12-09 13:40:32,963,kaggle,МАЛЫШЕВА ЭММА ИБРАГИМОВНА,1,coniferous26@mail.ru
2019-12-09 13:40:32,964,kaggle,ИБРАГИМОВ ОЛЕГ МАРАТОВИЧ,1,Budapest2@gmail.com
2019-12-09 13:40:32,965,kaggle,МАЛЫШЕВА АЛЕСЯ АНТОНОВНА,1,bode99@list.ru
2019-12-09 13:40:32,966,kaggle,СУВОРОВА АЛЬБИНА МАГОМЕДОВНА,1,pleurisy678@gmail.com
2019-12-09 13:40:32,967,kaggle,ОСИПОВ БОРИС РАДИКОВИЧ,1,gratify@mail.ru
2019-12-09 13:40:32,968,kaggle,ГРИГОРЬЕВА НИНА ФАРИТОВНА,1,we7@list.ru
2019-12-09 13:40:32,969,kaggle,МОИСЕЕВ ТАРАС РАВИЛЕВИЧ,1,growth78@mail.ru
2019-12-09 13:40:32,970,kaggle,РУБЦОВА АНЖЕЛИКА КОНСТАНТИНОВНА,1,gigging80@gmail.com
2019-12-09 13:40:32,971,kaggle,СЕРГЕЕВ АНАТОЛИЙ ЕВГЕНЬЕВИЧ,1,famous27@gmail.com
2019-12-09 13:40:32,972,kaggle,ЮДИН ВАЛЕРИЙ АЛИЕВИЧ,1,county43@yandex.ru
2019-12-09 13:40:32,973,kaggle,БОБРОВА ВИОЛЕТТА ВИТАЛЬЕВНА,1,dunce@mail.ru
2019-12-09 13:40:32,974,kaggle,ДМИТРИЕВА ГАЛИЯ РАШИДОВНА,1,cylindric4@gmail.com
2019-12-09 13:40:32,975,kaggle,ИСАКОВА СВЕТЛАНА ВАЛЕРИЕВНА,1,dietician656@mail.ru
2019-12-09 13:40:32,976,kaggle,СИТНИКОВА ЗАРИНА ГЕОРГИЕВНА,1,Boyd880@mail.ru
2019-12-09 13:40:32,977,kaggle,МАЛЬЦЕВА ЗОЯ ВАЛЕНТИНОВНА,1,Wilshire@list.ru
2019-12-09 13:40:32,978,kaggle,НОВОСЕЛОВА АИДА ДАМИРОВНА,1,abate@yandex.ru
2019-12-09 13:40:32,979,kaggle,КАРПОВА ГУЛЬНАЗ АЛЕКСАНДРОВНА,1,Blythe944@yandex.ru
2019-12-09 13:40:32,980,kaggle,ВОРОНОВА ЖАННА АЛЕКСЕЕВНА,1,hardcopy@list.ru
2019-12-09 13:40:32,981,kaggle,МОИСЕЕВА ЮЛИЯ АРКАДЬЕВНА,1,cervix@yandex.ru
2019-12-09 13:40:32,982,kaggle,БАРАНОВА АИДА ГЕННАДЬЕВНА,1,hasp94@list.ru
2019-12-09 13:40:32,983,kaggle,ЛЫСЕНКО ЛЕОНИД РУСТАМОВИЧ,1,crusty@yandex.ru
2019-12-09 13:40:32,984,kaggle,ГАЛКИНА АСИЯТ ТИМОФЕЕВНА,1,transition@yandex.ru
2019-12-09 13:40:32,985,kaggle,ГАВРИЛОВ ИЛЬШАТ АЛЕКСАНДРОВИЧ,1,coordinate37@yandex.ru
2019-12-09 13:40:32,986,kaggle,МИХЕЕВ ИГОРЬ МАНСУРОВИЧ,1,tank6@list.ru
2019-12-09 13:40:32,987,kaggle,МАЙОРОВА РЕГИНА МИХАЙЛОВНА,1,now55@list.ru
2019-12-09 13:40:32,988,kaggle,РЫБАКОВА АЛСУ ИВАНОВНА,1,deconvolution@mail.ru
2019-12-09 13:40:32,989,kaggle,ФЕДОРОВ АНТОН ВАЛЕРИЕВИЧ,1,annuity89@gmail.com
2019-12-09 13:40:32,990,kaggle,СЕМЕНОВА АЙГУЛЬ АНТОНОВНА,1,retinal45@yandex.ru
2019-12-09 13:40:32,991,kaggle,БЕЛЯКОВА КИРА АНДРЕЕВНА,1,metabolite1@mail.ru
2019-12-09 13:40:32,992,kaggle,АКОПЯН ФЕДОР АШОТОВИЧ,1,Torrance62@gmail.com
2019-12-09 13:40:32,993,kaggle,КОНДРАТЬЕВ ДАНИИЛ ВАЛЕНТИНОВИЧ,1,Montmartre41@yandex.ru
2019-12-09 13:40:32,994,kaggle,ТИХОМИРОВ ЭДУАРД ЛЬВОВИЧ,1,burgess6@gmail.com
2019-12-09 13:40:32,995,kaggle,НЕКРАСОВ ВАДИМ РАФАИЛОВИЧ,1,express@mail.ru
2019-12-09 13:40:32,996,kaggle,ДЕМИДОВ ПАВЕЛ АЛЬБЕРТОВИЧ,1,botulism152@yandex.ru
2019-12-09 13:40:32,997,kaggle,ФИЛИМОНОВА ИНГА ПЕТРОВНА,1,contravention@list.ru
2019-12-09 13:40:32,998,kaggle,КУЛАКОВ РОМАН ВЛАДИМИРОВИЧ,1,urchin@mail.ru
2019-12-09 13:40:32,999,kaggle,ГУЛЯЕВА ЭЛЬЗА МАРАТОВНА,1,manure799@mail.ru
2019-12-09 13:40:32,1000,kaggle,УСТЮЖАНИН АЛЕКСАНДР ОЛЕГОВИЧ,1,dispensate@gmail.com
