LoadDateTimeStamp,task_id,RecordSource,description
2019-12-09 13:40:32,1,kaggle,что работает изумительно?
2019-12-09 13:40:32,2,kaggle,изумительно что работает?
2019-12-09 13:40:32,3,kaggle,изумительно работает что?
2019-12-09 13:40:32,4,kaggle,что есть еще?
2019-12-09 13:40:32,5,kaggle,еще что есть?
2019-12-09 13:40:32,6,kaggle,есть что еще?
2019-12-09 13:40:32,7,kaggle,любое помощение как прогревает?
2019-12-09 13:40:32,8,kaggle,какое помощение прогревает идеально?
2019-12-09 13:40:32,9,kaggle,прогревает идеально какое помощение?
2019-12-09 13:40:32,10,kaggle,идеально какое помощение прогревает?
2019-12-09 13:40:32,11,kaggle,что также есть?
2019-12-09 13:40:32,12,kaggle,что есть также?
2019-12-09 13:40:32,13,kaggle,также есть что?
2019-12-09 13:40:32,14,kaggle,есть также что?
2019-12-09 13:40:32,15,kaggle,работает как электрика?
2019-12-09 13:40:32,16,kaggle,электрика как работает?
2019-12-09 13:40:32,17,kaggle,работает отлично что?
2019-12-09 13:40:32,18,kaggle,отлично что работает?
2019-12-09 13:40:32,19,kaggle,где стоят таксисты?
2019-12-09 13:40:32,20,kaggle,таксисты где стоят?
2019-12-09 13:40:32,21,kaggle,кто стоит рядом?
2019-12-09 13:40:32,22,kaggle,обговаривается как цены?
2019-12-09 13:40:32,23,kaggle,профессионалы что выполняли?
2019-12-09 13:40:32,24,kaggle,что выполняли профессионалы?
2019-12-09 13:40:32,25,kaggle,кто выполнял ремонт?
2019-12-09 13:40:32,26,kaggle,ремонт кто выполнял?
2019-12-09 13:40:32,27,kaggle,развиваются щенки как?
2019-12-09 13:40:32,28,kaggle,кто развивается хорошо?
2019-12-09 13:40:32,29,kaggle,развивается кто хорошо?
2019-12-09 13:40:32,30,kaggle,хорошо развивается кто?
2019-12-09 13:40:32,31,kaggle,оговариваются оптовые цены как?
2019-12-09 13:40:32,32,kaggle,оговаривается что отдельно?
2019-12-09 13:40:32,33,kaggle,как выдумывает Ленька?
2019-12-09 13:40:32,34,kaggle,выдумывает Ленька как?
2019-12-09 13:40:32,35,kaggle,кружевная салфетка красиво драпирует что?
2019-12-09 13:40:32,36,kaggle,что драпирует кружевная салфетка?
2019-12-09 13:40:32,37,kaggle,драпирует стол кружевная салфетка как?
2019-12-09 13:40:32,38,kaggle,кружевная салфетка как стол драпирует?
2019-12-09 13:40:32,39,kaggle,перешел улицу кто?
2019-12-09 13:40:32,40,kaggle,что работу ищет?
2019-12-09 13:40:32,41,kaggle,ищет работу что?
2019-12-09 13:40:32,42,kaggle,кто предоставляется бесплатно?
2019-12-09 13:40:32,43,kaggle,предоставляется кто бесплатно?
2019-12-09 13:40:32,44,kaggle,обладает свежей увлажняющей текстурой что?
2019-12-09 13:40:32,45,kaggle,свежей увлажняющей текстурой обладает что?
2019-12-09 13:40:32,46,kaggle,снизу находится что?
2019-12-09 13:40:32,47,kaggle,кто головой покачал?
2019-12-09 13:40:32,48,kaggle,куда девочки пошли?
2019-12-09 13:40:32,49,kaggle,девочки куда пошли?
2019-12-09 13:40:32,50,kaggle,кто пошел домой?
2019-12-09 13:40:32,51,kaggle,домой кто пошел?
2019-12-09 13:40:32,52,kaggle,почувствовала Рамона что?
2019-12-09 13:40:32,53,kaggle,почувствовал неловкость кто?
2019-12-09 13:40:32,54,kaggle,оснастка имеет что?
2019-12-09 13:40:32,55,kaggle,оснастка имеет какой хвостовик?
2019-12-09 13:40:32,56,kaggle,закрываются крышки как?
2019-12-09 13:40:32,57,kaggle,крышки как закрываются?
2019-12-09 13:40:32,58,kaggle,закрывается что отлично?
2019-12-09 13:40:32,59,kaggle,Джим чем покачал?
2019-12-09 13:40:32,60,kaggle,чем покачал Джим?
2019-12-09 13:40:32,61,kaggle,шотландский вислоухий кот кого ищет?
2019-12-09 13:40:32,62,kaggle,ищет шотландский вислоухий кот кого?
2019-12-09 13:40:32,63,kaggle,кого шотландский вислоухий кот ищет?
2019-12-09 13:40:32,64,kaggle,ищет кто невесту?
2019-12-09 13:40:32,65,kaggle,Гриша куда бежит?
2019-12-09 13:40:32,66,kaggle,Гриша бежит куда?
2019-12-09 13:40:32,67,kaggle,что независимый терморегулятор имеет?
2019-12-09 13:40:32,68,kaggle,независимый терморегулятор что имеет?
2019-12-09 13:40:32,69,kaggle,комбайны требуют вложения?
2019-12-09 13:40:32,70,kaggle,требуют вложения комбайны?
2019-12-09 13:40:32,71,kaggle,вложения комбайны требуют?
2019-12-09 13:40:32,72,kaggle,что яркость красок поражает?
2019-12-09 13:40:32,73,kaggle,что поражает яркость красок?
2019-12-09 13:40:32,74,kaggle,что поражает воображение?
2019-12-09 13:40:32,75,kaggle,что воображение поражает?
2019-12-09 13:40:32,76,kaggle,Таня что схватила?
2019-12-09 13:40:32,77,kaggle,схватила что Таня?
2019-12-09 13:40:32,78,kaggle,Эрн разинул что?
2019-12-09 13:40:32,79,kaggle,как планшет работает?
2019-12-09 13:40:32,80,kaggle,планшет как работает?
2019-12-09 13:40:32,81,kaggle,что работает хорошо?
2019-12-09 13:40:32,82,kaggle,часы чем обладают?
2019-12-09 13:40:32,83,kaggle,обладают чем часы?
2019-12-09 13:40:32,84,kaggle,что яркой харизматичной внешностью обладает?
2019-12-09 13:40:32,85,kaggle,яркой харизматичной внешностью обладает что?
2019-12-09 13:40:32,86,kaggle,надежную застежку что имеет?
2019-12-09 13:40:32,87,kaggle,оговаривается отдельно что?
2019-12-09 13:40:32,88,kaggle,какого хозяина замечательная девочка ищет?
2019-12-09 13:40:32,89,kaggle,как работал бур?
2019-12-09 13:40:32,90,kaggle,бур как работал?
2019-12-09 13:40:32,91,kaggle,что работало тихо?
2019-12-09 13:40:32,92,kaggle,что тихо работало?
2019-12-09 13:40:32,93,kaggle,смотрится что дорого?
2019-12-09 13:40:32,94,kaggle,дорого что смотрится?
2019-12-09 13:40:32,95,kaggle,дорого смотрится что?
2019-12-09 13:40:32,96,kaggle,кто добрых хозяев ищет?
2019-12-09 13:40:32,97,kaggle,добрых хозяев ищет кто?
2019-12-09 13:40:32,98,kaggle,как ловит связь?
2019-12-09 13:40:32,99,kaggle,ловит как связь?
2019-12-09 13:40:32,100,kaggle,ловит хорошо что?
2019-12-09 13:40:32,101,kaggle,квартиру снимает кто?
2019-12-09 13:40:32,102,kaggle,соответствует резина чему?
2019-12-09 13:40:32,103,kaggle,поддерживается прекрасной акустикой что?
2019-12-09 13:40:32,104,kaggle,Джимми открыл что?
2019-12-09 13:40:32,105,kaggle,кто открыл глаза?
2019-12-09 13:40:32,106,kaggle,кто глаза открыл?
2019-12-09 13:40:32,107,kaggle,глаза открыл кто?
2019-12-09 13:40:32,108,kaggle,как бас вздыхал?
2019-12-09 13:40:32,109,kaggle,вздыхал бас как?
2019-12-09 13:40:32,110,kaggle,что тяжело вздыхало?
2019-12-09 13:40:32,111,kaggle,вздыхало что тяжело?
2019-12-09 13:40:32,112,kaggle,распознает что игрушка?
2019-12-09 13:40:32,113,kaggle,что игрушка распознает?
2019-12-09 13:40:32,114,kaggle,распознает животных и транспорт что?
2019-12-09 13:40:32,115,kaggle,Порри как усмехнулся?
2019-12-09 13:40:32,116,kaggle,Порри усмехнулся как?
2019-12-09 13:40:32,117,kaggle,что невесело усмехнулось?
2019-12-09 13:40:32,118,kaggle,усмехнулось что невесело?
2019-12-09 13:40:32,119,kaggle,Эрн окликнул что?
2019-12-09 13:40:32,120,kaggle,Эрн что окликнул?
2019-12-09 13:40:32,121,kaggle,что Эрн окликнул?
2019-12-09 13:40:32,122,kaggle,что окликнул Эрн?
2019-12-09 13:40:32,123,kaggle,что обеспечивают термоактивные прокладки?
2019-12-09 13:40:32,124,kaggle,огнестойкость обеспечивает что?
2019-12-09 13:40:32,125,kaggle,поддержали матери кого?
2019-12-09 13:40:32,126,kaggle,поддержал кто путешественников?
2019-12-09 13:40:32,127,kaggle,путешественников кто поддержал?
2019-12-09 13:40:32,128,kaggle,путешественников поддержал кто?
2019-12-09 13:40:32,129,kaggle,соответствует фото чему?
2019-12-09 13:40:32,130,kaggle,чему фото соответствует?
2019-12-09 13:40:32,131,kaggle,соответствует действительности что?
2019-12-09 13:40:32,132,kaggle,прошли что шины?
2019-12-09 13:40:32,133,kaggle,имеется где подкладка?
2019-12-09 13:40:32,134,kaggle,имеется подкладка где?
2019-12-09 13:40:32,135,kaggle,сыпались чем искры?
2019-12-09 13:40:32,136,kaggle,что сыпалось дождем?
2019-12-09 13:40:32,137,kaggle,тут что продается?
2019-12-09 13:40:32,138,kaggle,где продается новый трехэтажный дом?
2019-12-09 13:40:32,139,kaggle,где новый трехэтажный дом продается?
2019-12-09 13:40:32,140,kaggle,новый трехэтажный дом где продается?
2019-12-09 13:40:32,141,kaggle,ползли где каблуки?
2019-12-09 13:40:32,142,kaggle,дарит парапланеризм что?
2019-12-09 13:40:32,143,kaggle,дарит что невероятные возможности?
2019-12-09 13:40:32,144,kaggle,парапланеризм какие возможности дарит?
2019-12-09 13:40:32,145,kaggle,кого привлекает мерцающая кованая поверхность?
2019-12-09 13:40:32,146,kaggle,привлекает что хищника?
2019-12-09 13:40:32,147,kaggle,привлекает хищника что?
2019-12-09 13:40:32,148,kaggle,хищника что привлекает?
2019-12-09 13:40:32,149,kaggle,что прилагается полгода?
2019-12-09 13:40:32,150,kaggle,что полгода прилагается?
2019-12-09 13:40:32,151,kaggle,полгода что прилагается?
2019-12-09 13:40:32,152,kaggle,полгода прилагается что?
2019-12-09 13:40:32,153,kaggle,движения рук имитируют что?
2019-12-09 13:40:32,154,kaggle,движения рук что имитируют?
2019-12-09 13:40:32,155,kaggle,что имитирует греблю?
2019-12-09 13:40:32,156,kaggle,греблю имитирует что?
2019-12-09 13:40:32,157,kaggle,диагностировал что мастер?
2019-12-09 13:40:32,158,kaggle,неисправность двигателя кто диагностировал?
2019-12-09 13:40:32,159,kaggle,как Таня ойкнула?
2019-12-09 13:40:32,160,kaggle,испуганно кто ойкнул?
2019-12-09 13:40:32,161,kaggle,какие магазины рядом находятся?
2019-12-09 13:40:32,162,kaggle,находятся какие магазины рядом?
2019-12-09 13:40:32,163,kaggle,находятся рядом какие магазины?
2019-12-09 13:40:32,164,kaggle,что выполняют славяне?
2019-12-09 13:40:32,165,kaggle,работы выполняет кто?
2019-12-09 13:40:32,166,kaggle,что вперед выдвигается?
2019-12-09 13:40:32,167,kaggle,выдвигается что вперед?
2019-12-09 13:40:32,168,kaggle,вперед что выдвигается?
2019-12-09 13:40:32,169,kaggle,любит машина что?
2019-12-09 13:40:32,170,kaggle,что машина любит?
2019-12-09 13:40:32,171,kaggle,что бригада сварщиков ищем?
2019-12-09 13:40:32,172,kaggle,что работу ищет?
2019-12-09 13:40:32,173,kaggle,ищет работу что?
2019-12-09 13:40:32,174,kaggle,выполнят мастера что?
2019-12-09 13:40:32,175,kaggle,что выполнят мастера?
2019-12-09 13:40:32,176,kaggle,обладает каким действием база?
2019-12-09 13:40:32,177,kaggle,что соответствует полностью?
2019-12-09 13:40:32,178,kaggle,соответствует что полностью?
2019-12-09 13:40:32,179,kaggle,соответствует полностью что?
2019-12-09 13:40:32,180,kaggle,полностью соответствует что?
2019-12-09 13:40:32,181,kaggle,что работает исправно?
2019-12-09 13:40:32,182,kaggle,исправно работает что?
2019-12-09 13:40:32,183,kaggle,девочка чем обладает?
2019-12-09 13:40:32,184,kaggle,является каким антисептиком сосна?
2019-12-09 13:40:32,185,kaggle,сосна является каким антисептиком?
2019-12-09 13:40:32,186,kaggle,работает застежка как?
2019-12-09 13:40:32,187,kaggle,собрался поспешно кто?
2019-12-09 13:40:32,188,kaggle,поспешно кто собрался?
2019-12-09 13:40:32,189,kaggle,стройнит кого модель?
2019-12-09 13:40:32,190,kaggle,любую даму стройнит что?
2019-12-09 13:40:32,191,kaggle,что одна девочка носила?
2019-12-09 13:40:32,192,kaggle,как Шелл продается?
2019-12-09 13:40:32,193,kaggle,продается Шелл как?
2019-12-09 13:40:32,194,kaggle,Шелл как продается?
2019-12-09 13:40:32,195,kaggle,Шелл продается как?
2019-12-09 13:40:32,196,kaggle,куда спустился Петя?
2019-12-09 13:40:32,197,kaggle,спустился Петя куда?
2019-12-09 13:40:32,198,kaggle,кто заботливые ручки ищет?
2019-12-09 13:40:32,199,kaggle,ищут какие ручки щенята?
2019-12-09 13:40:32,200,kaggle,щенята какие ручки ищут?
2019-12-09 13:40:32,201,kaggle,улыбками кто обменялся?
2019-12-09 13:40:32,202,kaggle,рядом что находится?
2019-12-09 13:40:32,203,kaggle,что женщина сняла?
2019-12-09 13:40:32,204,kaggle,зовет кролика кто?
2019-12-09 13:40:32,205,kaggle,чем ширина регулируется?
2019-12-09 13:40:32,206,kaggle,регулируется что завязками?
2019-12-09 13:40:32,207,kaggle,аквариумы где стояли?
2019-12-09 13:40:32,208,kaggle,аквариумы стояли где?
2019-12-09 13:40:32,209,kaggle,стояло что сбоку?
2019-12-09 13:40:32,210,kaggle,кого ищет строительная организация?
2019-12-09 13:40:32,211,kaggle,чем пожал Пуплий?
2019-12-09 13:40:32,212,kaggle,кто плечами пожал?
2019-12-09 13:40:32,213,kaggle,плечами пожал кто?
2019-12-09 13:40:32,214,kaggle,Женя где сидел?
2019-12-09 13:40:32,215,kaggle,кто громче загудел?
2019-12-09 13:40:32,216,kaggle,прогреет как ваше помещение?
2019-12-09 13:40:32,217,kaggle,какое помещение прогреет быстро?
2019-12-09 13:40:32,218,kaggle,быстро какое помещение прогреет?
2019-12-09 13:40:32,219,kaggle,прогреет что быстро?
2019-12-09 13:40:32,220,kaggle,свистнула где пуля?
2019-12-09 13:40:32,221,kaggle,что рядом свистнуло?
2019-12-09 13:40:32,222,kaggle,рядом что свистнуло?
2019-12-09 13:40:32,223,kaggle,корсет продолжается чем?
2019-12-09 13:40:32,224,kaggle,черной юбкой продолжается что?
2019-12-09 13:40:32,225,kaggle,продолжается черной юбкой что?
2019-12-09 13:40:32,226,kaggle,ищет кого русская бригада?
2019-12-09 13:40:32,227,kaggle,где Бойзи стоял?
2019-12-09 13:40:32,228,kaggle,стоял Бойзи где?
2019-12-09 13:40:32,229,kaggle,стоял кто рядом?
2019-12-09 13:40:32,230,kaggle,регулируется талия где?
2019-12-09 13:40:32,231,kaggle,регулируется что внутри?
2019-12-09 13:40:32,232,kaggle,закрывается чем центральная молния?
2019-12-09 13:40:32,233,kaggle,что закрывается ветрозащитной планкой?
2019-12-09 13:40:32,234,kaggle,закрывается ветрозащитной планкой что?
2019-12-09 13:40:32,235,kaggle,протянула что Медузия?
2019-12-09 13:40:32,236,kaggle,что протянуло руку?
2019-12-09 13:40:32,237,kaggle,руку протянуло что?
2019-12-09 13:40:32,238,kaggle,что надежно работает?
2019-12-09 13:40:32,239,kaggle,менялось что своевременно?
2019-12-09 13:40:32,240,kaggle,что использовалось мало?
2019-12-09 13:40:32,241,kaggle,использовалось что мало?
2019-12-09 13:40:32,242,kaggle,использовалось мало что?
2019-12-09 13:40:32,243,kaggle,кто опять лег?
2019-12-09 13:40:32,244,kaggle,лег опять кто?
2019-12-09 13:40:32,245,kaggle,ротмистр что перебрасывал?
2019-12-09 13:40:32,246,kaggle,кто перебрасывал книги?
2019-12-09 13:40:32,247,kaggle,кто книги перебрасывал?
2019-12-09 13:40:32,248,kaggle,перебрасывал книги кто?
2019-12-09 13:40:32,249,kaggle,повиновался как пес?
2019-12-09 13:40:32,250,kaggle,пес повиновался как?
2019-12-09 13:40:32,251,kaggle,ищет голубой котик каких хозяев?
2019-12-09 13:40:32,252,kaggle,каких хозяев голубой котик ищет?
2019-12-09 13:40:32,253,kaggle,каких хозяев ищет голубой котик?
2019-12-09 13:40:32,254,kaggle,Коля что пил?
2019-12-09 13:40:32,255,kaggle,пил кто чай?
2019-12-09 13:40:32,256,kaggle,пил чай кто?
2019-12-09 13:40:32,257,kaggle,чай кто пил?
2019-12-09 13:40:32,258,kaggle,материал значения имеет?
2019-12-09 13:40:32,259,kaggle,имеет материал значения?
2019-12-09 13:40:32,260,kaggle,имеет значения материал?
2019-12-09 13:40:32,261,kaggle,значения материал имеет?
2019-12-09 13:40:32,262,kaggle,было что недавно?
2019-12-09 13:40:32,263,kaggle,что хочет внедорожник?
2019-12-09 13:40:32,264,kaggle,что внедорожник хочет?
2019-12-09 13:40:32,265,kaggle,хочет что внедорожник?
2019-12-09 13:40:32,266,kaggle,внедорожник что хочет?
2019-12-09 13:40:32,267,kaggle,кто пустился домой?
2019-12-09 13:40:32,268,kaggle,кошечку ищет какой кот?
2019-12-09 13:40:32,269,kaggle,кого ищет молодой кот?
2019-12-09 13:40:32,270,kaggle,молодой кот кого ищет?
2019-12-09 13:40:32,271,kaggle,кто ищет кошечку?
2019-12-09 13:40:32,272,kaggle,кто спал безмятежно?
2019-12-09 13:40:32,273,kaggle,безмятежно спал кто?
2019-12-09 13:40:32,274,kaggle,чем обладает кристалл?
2019-12-09 13:40:32,275,kaggle,ждут милые щенята каких хозяев?
2019-12-09 13:40:32,276,kaggle,открыл что Питер?
2019-12-09 13:40:32,277,kaggle,что открыл Питер?
2019-12-09 13:40:32,278,kaggle,пакет открыл кто?
2019-12-09 13:40:32,279,kaggle,что дети имеют?
2019-12-09 13:40:32,280,kaggle,кто хорошие привозные крови имеет?
2019-12-09 13:40:32,281,kaggle,как приобретается чаша?
2019-12-09 13:40:32,282,kaggle,как чаша приобретается?
2019-12-09 13:40:32,283,kaggle,чаша как приобретается?
2019-12-09 13:40:32,284,kaggle,Чердыш любил что?
2019-12-09 13:40:32,285,kaggle,Чердыш что любил?
2019-12-09 13:40:32,286,kaggle,кто любил ласку?
2019-12-09 13:40:32,287,kaggle,ласку кто любил?
2019-12-09 13:40:32,288,kaggle,пользовался чем отец?
2019-12-09 13:40:32,289,kaggle,чем пользовался отец?
2019-12-09 13:40:32,290,kaggle,кто телефоном пользовался?
2019-12-09 13:40:32,291,kaggle,факелы плевались чем?
2019-12-09 13:40:32,292,kaggle,плевались чем факелы?
2019-12-09 13:40:32,293,kaggle,как вырос ребёнок?
2019-12-09 13:40:32,294,kaggle,вырос как ребёнок?
2019-12-09 13:40:32,295,kaggle,вырос ребёнок как?
2019-12-09 13:40:32,296,kaggle,ребёнок вырос как?
2019-12-09 13:40:32,297,kaggle,оглядел кто стены?
2019-12-09 13:40:32,298,kaggle,оглядел стены кто?
2019-12-09 13:40:32,299,kaggle,стены кто оглядел?
2019-12-09 13:40:32,300,kaggle,стены оглядел кто?
2019-12-09 13:40:32,301,kaggle,забыл кто начисто?
2019-12-09 13:40:32,302,kaggle,забыл начисто кто?
2019-12-09 13:40:32,303,kaggle,начисто кто забыл?
2019-12-09 13:40:32,304,kaggle,побывал где писатель?
2019-12-09 13:40:32,305,kaggle,побывал писатель где?
2019-12-09 13:40:32,306,kaggle,писатель побывал где?
2019-12-09 13:40:32,307,kaggle,имеют что часы?
2019-12-09 13:40:32,308,kaggle,что оригинальное происхождение имеет?
2019-12-09 13:40:32,309,kaggle,оригинальное происхождение что имеет?
2019-12-09 13:40:32,310,kaggle,имеют часы какое происхождение?
2019-12-09 13:40:32,311,kaggle,закрываются рукава чем?
2019-12-09 13:40:32,312,kaggle,что отворотами закрывается?
2019-12-09 13:40:32,313,kaggle,отворотами что закрывается?
2019-12-09 13:40:32,314,kaggle,отворотами закрывается что?
2019-12-09 13:40:32,315,kaggle,имеет чехол что?
2019-12-09 13:40:32,316,kaggle,что брюки имеют?
2019-12-09 13:40:32,317,kaggle,защитную стрейчевую основу имеет что?
2019-12-09 13:40:32,318,kaggle,горошек покачал чем?
2019-12-09 13:40:32,319,kaggle,горошек чем покачал?
2019-12-09 13:40:32,320,kaggle,покачал чем горошек?
2019-12-09 13:40:32,321,kaggle,работает что идеально?
2019-12-09 13:40:32,322,kaggle,идеально что работает?
2019-12-09 13:40:32,323,kaggle,лаю кто наддал?
2019-12-09 13:40:32,324,kaggle,что командиру понравилось?
2019-12-09 13:40:32,325,kaggle,понравилось что командиру?
2019-12-09 13:40:32,326,kaggle,понравилось командиру что?
2019-12-09 13:40:32,327,kaggle,командиру понравилось что?
2019-12-09 13:40:32,328,kaggle,как сема одевается?
2019-12-09 13:40:32,329,kaggle,что одевается молча?
2019-12-09 13:40:32,330,kaggle,что молча одевается?
2019-12-09 13:40:32,331,kaggle,молча что одевается?
2019-12-09 13:40:32,332,kaggle,как педаль покупается?
2019-12-09 13:40:32,333,kaggle,что отдельно покупается?
2019-12-09 13:40:32,334,kaggle,покупается отдельно что?
2019-12-09 13:40:32,335,kaggle,отдельно покупается что?
2019-12-09 13:40:32,336,kaggle,юбка что держит?
2019-12-09 13:40:32,337,kaggle,форму что держит?
2019-12-09 13:40:32,338,kaggle,что шотландские милашки ищут?
2019-12-09 13:40:32,339,kaggle,дом ищет какой мальчик?
2019-12-09 13:40:32,340,kaggle,что двухмесячный мальчик ищет?
2019-12-09 13:40:32,341,kaggle,что гарантирует наименование бренда?
2019-12-09 13:40:32,342,kaggle,гарантирует качество что?
2019-12-09 13:40:32,343,kaggle,качество что гарантирует?
2019-12-09 13:40:32,344,kaggle,мысли изменяют что?
2019-12-09 13:40:32,345,kaggle,приглашает какой котик кошечек?
2019-12-09 13:40:32,346,kaggle,приглашает обходительный котик кого?
2019-12-09 13:40:32,347,kaggle,кто кошечек приглашает?
2019-12-09 13:40:32,348,kaggle,что начальник дал?
2019-12-09 13:40:32,349,kaggle,кто команду дал?
2019-12-09 13:40:32,350,kaggle,команду кто дал?
2019-12-09 13:40:32,351,kaggle,команду дал кто?
2019-12-09 13:40:32,352,kaggle,кто там живет?
2019-12-09 13:40:32,353,kaggle,там кто живет?
2019-12-09 13:40:32,354,kaggle,пеликан что смотрите?
2019-12-09 13:40:32,355,kaggle,смотрите что пеликан?
2019-12-09 13:40:32,356,kaggle,другие мои лоты кто смотрит?
2019-12-09 13:40:32,357,kaggle,ждут что котятки?
2019-12-09 13:40:32,358,kaggle,что ждут котятки?
2019-12-09 13:40:32,359,kaggle,новый любящий дом кто ждет?
2019-12-09 13:40:32,360,kaggle,где имеется застежка?
2019-12-09 13:40:32,361,kaggle,что спереди имеется?
2019-12-09 13:40:32,362,kaggle,спереди что имеется?
2019-12-09 13:40:32,363,kaggle,молодая кошечка ищет какой дом?
2019-12-09 13:40:32,364,kaggle,ищет молодая кошечка какой дом?
2019-12-09 13:40:32,365,kaggle,молодая кошечка ищет что?
2019-12-09 13:40:32,366,kaggle,котята любят что?
2019-12-09 13:40:32,367,kaggle,кто любит внимание и ласку?
2019-12-09 13:40:32,368,kaggle,кто внимание и ласку любит?
2019-12-09 13:40:32,369,kaggle,любит кто внимание и ласку?
2019-12-09 13:40:32,370,kaggle,торможение выполняется чем?
2019-12-09 13:40:32,371,kaggle,чем торможение выполняется?
2019-12-09 13:40:32,372,kaggle,выполняется что надёжным ободным тормозом?
2019-12-09 13:40:32,373,kaggle,потерял что Урри?
2019-12-09 13:40:32,374,kaggle,что Урри потерял?
2019-12-09 13:40:32,375,kaggle,что потерял Урри?
2019-12-09 13:40:32,376,kaggle,потеряло сознание что?
2019-12-09 13:40:32,377,kaggle,что имеет индивидуальный профиль?
2019-12-09 13:40:32,378,kaggle,ждут своих хозяев какие красавцы?
2019-12-09 13:40:32,379,kaggle,кого ждут маленькие красавцы?
2019-12-09 13:40:32,380,kaggle,кто своих хозяев ждет?
2019-12-09 13:40:32,381,kaggle,ждет своих хозяев кто?
2019-12-09 13:40:32,382,kaggle,имеет что квартира?
2019-12-09 13:40:32,383,kaggle,удобное расположение имеет что?
2019-12-09 13:40:32,384,kaggle,какое расположение квартира имеет?
2019-12-09 13:40:32,385,kaggle,отпустил кого отец?
2019-12-09 13:40:32,386,kaggle,кого отпустил отец?
2019-12-09 13:40:32,387,kaggle,кто отпустил мальчишку?
2019-12-09 13:40:32,388,kaggle,кто подходил медленно?
2019-12-09 13:40:32,389,kaggle,кто медленно подходил?
2019-12-09 13:40:32,390,kaggle,подходил медленно кто?
2019-12-09 13:40:32,391,kaggle,что охраняется круглогодично?
2019-12-09 13:40:32,392,kaggle,что круглогодично охраняется?
2019-12-09 13:40:32,393,kaggle,охраняется круглогодично что?
2019-12-09 13:40:32,394,kaggle,круглогодично что охраняется?
2019-12-09 13:40:32,395,kaggle,панорамное остеление какой вид открывает?
2019-12-09 13:40:32,396,kaggle,открывает что панорамное остеление?
2019-12-09 13:40:32,397,kaggle,открывает что шикарный вид?
2019-12-09 13:40:32,398,kaggle,шикарный вид открывает что?
2019-12-09 13:40:32,399,kaggle,кто ест молча?
2019-12-09 13:40:32,400,kaggle,кто молча ест?
2019-12-09 13:40:32,401,kaggle,ест кто молча?
2019-12-09 13:40:32,402,kaggle,ломала что дочь?
2019-12-09 13:40:32,403,kaggle,ждет перспективная девочка каких родителей?
2019-12-09 13:40:32,404,kaggle,перспективная девочка кого ждет?
2019-12-09 13:40:32,405,kaggle,ждет своих родителей кто?
2019-12-09 13:40:32,406,kaggle,позади бежал кто?
2019-12-09 13:40:32,407,kaggle,как живут соседи?
2019-12-09 13:40:32,408,kaggle,живут как соседи?
2019-12-09 13:40:32,409,kaggle,кто постоянно живет?
2019-12-09 13:40:32,410,kaggle,постоянно кто живет?
2019-12-09 13:40:32,411,kaggle,вся продукция имеет какие размеры?
2019-12-09 13:40:32,412,kaggle,имеет вся продукция какие размеры?
2019-12-09 13:40:32,413,kaggle,имеет какие размеры вся продукция?
2019-12-09 13:40:32,414,kaggle,вся продукция имеет что?
2019-12-09 13:40:32,415,kaggle,бросился кто туда?
2019-12-09 13:40:32,416,kaggle,бросился туда кто?
2019-12-09 13:40:32,417,kaggle,туда кто бросился?
2019-12-09 13:40:32,418,kaggle,что бесшумно работает?
2019-12-09 13:40:32,419,kaggle,работает что бесшумно?
2019-12-09 13:40:32,420,kaggle,шуба что имеет?
2019-12-09 13:40:32,421,kaggle,поближе подошел кто?
2019-12-09 13:40:32,422,kaggle,стоящая баня как есть?
2019-12-09 13:40:32,423,kaggle,одевал кто пару раз?
2019-12-09 13:40:32,424,kaggle,Снабби кому подмигнул?
2019-12-09 13:40:32,425,kaggle,что остается внутри?
2019-12-09 13:40:32,426,kaggle,остается что внутри?
2019-12-09 13:40:32,427,kaggle,внутри что остается?
2019-12-09 13:40:32,428,kaggle,что использовалось круглогодично?
2019-12-09 13:40:32,429,kaggle,использовалось что круглогодично?
2019-12-09 13:40:32,430,kaggle,украсит любой интерьер как?
2019-12-09 13:40:32,431,kaggle,идеально украсит какой интерьер?
2019-12-09 13:40:32,432,kaggle,садик где сдается?
2019-12-09 13:40:32,433,kaggle,рядом что сдается?
2019-12-09 13:40:32,434,kaggle,рядом сдается что?
2019-12-09 13:40:32,435,kaggle,электрод обладает чем?
2019-12-09 13:40:32,436,kaggle,высокими технологическими свойствами обладает что?
2019-12-09 13:40:32,437,kaggle,ест кого люди?
2019-12-09 13:40:32,438,kaggle,кого ест люди?
2019-12-09 13:40:32,439,kaggle,Ешо ест кто?
2019-12-09 13:40:32,440,kaggle,продулось что вконец?
2019-12-09 13:40:32,441,kaggle,работает как автоматика?
2019-12-09 13:40:32,442,kaggle,работает автоматика как?
2019-12-09 13:40:32,443,kaggle,отлично что работает?
2019-12-09 13:40:32,444,kaggle,отлично работает что?
2019-12-09 13:40:32,445,kaggle,ребенок ходил что?
2019-12-09 13:40:32,446,kaggle,что ходил ребенок?
2019-12-09 13:40:32,447,kaggle,пару раз ходил кто?
2019-12-09 13:40:32,448,kaggle,кто ищу работу?
2019-12-09 13:40:32,449,kaggle,работу кто ищу?
2019-12-09 13:40:32,450,kaggle,работает как двигатель?
2019-12-09 13:40:32,451,kaggle,работает отлично что?
2019-12-09 13:40:32,452,kaggle,кто приглашает в гости?
2019-12-09 13:40:32,453,kaggle,в гости кто приглашает?
2019-12-09 13:40:32,454,kaggle,в гости приглашает кто?
2019-12-09 13:40:32,455,kaggle,как дедушка хохотал?
2019-12-09 13:40:32,456,kaggle,хохотал дедушка как?
2019-12-09 13:40:32,457,kaggle,долго кто хохотал?
2019-12-09 13:40:32,458,kaggle,двинулось что дальше?
2019-12-09 13:40:32,459,kaggle,двинулось дальше что?
2019-12-09 13:40:32,460,kaggle,дальше что двинулось?
2019-12-09 13:40:32,461,kaggle,дальше двинулось что?
2019-12-09 13:40:32,462,kaggle,убрала Грызиана что?
2019-12-09 13:40:32,463,kaggle,кто микрофон убрал?
2019-12-09 13:40:32,464,kaggle,убрал кто микрофон?
2019-12-09 13:40:32,465,kaggle,убрал микрофон кто?
2019-12-09 13:40:32,466,kaggle,дверь приоткрылась как?
2019-12-09 13:40:32,467,kaggle,камера что плохо передает?
2019-12-09 13:40:32,468,kaggle,что передает цвет плохо?
2019-12-09 13:40:32,469,kaggle,обеспечат безопасность какие ремни?
2019-12-09 13:40:32,470,kaggle,безопасность обеспечат какие ремни?
2019-12-09 13:40:32,471,kaggle,пятиточечные ремни обеспечат что?
2019-12-09 13:40:32,472,kaggle,пятиточечные ремни что обеспечат?
2019-12-09 13:40:32,473,kaggle,сушка как работает?
2019-12-09 13:40:32,474,kaggle,сушка работает как?
2019-12-09 13:40:32,475,kaggle,отлично что работает?
2019-12-09 13:40:32,476,kaggle,отлично работает что?
2019-12-09 13:40:32,477,kaggle,кто ткнул глазами?
2019-12-09 13:40:32,478,kaggle,имеют щенки что?
2019-12-09 13:40:32,479,kaggle,кто книжки имеет?
2019-12-09 13:40:32,480,kaggle,книжки кто имеет?
2019-12-09 13:40:32,481,kaggle,бегом припустился кто?
2019-12-09 13:40:32,482,kaggle,заметил кедр кого?
2019-12-09 13:40:32,483,kaggle,заметил кого кедр?
2019-12-09 13:40:32,484,kaggle,что заметило Элис?
2019-12-09 13:40:32,485,kaggle,где имеется озеро?
2019-12-09 13:40:32,486,kaggle,озеро имеется где?
2019-12-09 13:40:32,487,kaggle,имеется что рядом?
2019-12-09 13:40:32,488,kaggle,рядом имеется что?
2019-12-09 13:40:32,489,kaggle,кто поднял голову?
2019-12-09 13:40:32,490,kaggle,поднял кто голову?
2019-12-09 13:40:32,491,kaggle,голову поднял кто?
2019-12-09 13:40:32,492,kaggle,продается как крыло?
2019-12-09 13:40:32,493,kaggle,что отдельно продается?
2019-12-09 13:40:32,494,kaggle,продается отдельно что?
2019-12-09 13:40:32,495,kaggle,карабинеры занавесили что?
2019-12-09 13:40:32,496,kaggle,карабинеры что занавесили?
2019-12-09 13:40:32,497,kaggle,занавесили карабинеры что?
2019-12-09 13:40:32,498,kaggle,предотвращает антимикробное покрытие что?
2019-12-09 13:40:32,499,kaggle,что предотвращает появление запаха?
2019-12-09 13:40:32,500,kaggle,как Фидель мчался?
2019-12-09 13:40:32,501,kaggle,мчался кто следом?
2019-12-09 13:40:32,502,kaggle,что работает идеально?
2019-12-09 13:40:32,503,kaggle,работает что идеально?
2019-12-09 13:40:32,504,kaggle,идеально что работает?
2019-12-09 13:40:32,505,kaggle,идеально работает что?
2019-12-09 13:40:32,506,kaggle,как почта работала?
2019-12-09 13:40:32,507,kaggle,работала как почта?
2019-12-09 13:40:32,508,kaggle,предлагает какие услуги грамотный специалист?
2019-12-09 13:40:32,509,kaggle,одна капля убивает кого?
2019-12-09 13:40:32,510,kaggle,что убивает лошадь?
2019-12-09 13:40:32,511,kaggle,красноармейцы подняли что?
2019-12-09 13:40:32,512,kaggle,подняли что красноармейцы?
2019-12-09 13:40:32,513,kaggle,кто поднял винтовки?
2019-12-09 13:40:32,514,kaggle,поднял винтовки кто?
2019-12-09 13:40:32,515,kaggle,каменщики выполнят что?
2019-12-09 13:40:32,516,kaggle,что выполнят каменщики?
2019-12-09 13:40:32,517,kaggle,строительные работы выполнит кто?
2019-12-09 13:40:32,518,kaggle,какие работы каменщики выполнят?
2019-12-09 13:40:32,519,kaggle,как работает слив?
2019-12-09 13:40:32,520,kaggle,работает слив как?
2019-12-09 13:40:32,521,kaggle,слив как работает?
2019-12-09 13:40:32,522,kaggle,кто разрезал дыню?
2019-12-09 13:40:32,523,kaggle,кто дыню разрезал?
2019-12-09 13:40:32,524,kaggle,дыню кто разрезал?
2019-12-09 13:40:32,525,kaggle,дыню разрезал кто?
2019-12-09 13:40:32,526,kaggle,что рассчитывается индивидуально?
2019-12-09 13:40:32,527,kaggle,чем отличался император?
2019-12-09 13:40:32,528,kaggle,отличался немалой личной храбростью кто?
2019-12-09 13:40:32,529,kaggle,немалой личной храбростью отличался кто?
2019-12-09 13:40:32,530,kaggle,голову кто опускает?
2019-12-09 13:40:32,531,kaggle,Фатти обнял кого?
2019-12-09 13:40:32,532,kaggle,кого обнял Фатти?
2019-12-09 13:40:32,533,kaggle,мотор работает как?
2019-12-09 13:40:32,534,kaggle,как работает мотор?
2019-12-09 13:40:32,535,kaggle,окажет бригада какие услуги?
2019-12-09 13:40:32,536,kaggle,рядом имеется что?
2019-12-09 13:40:32,537,kaggle,кирпичный охраняемый гараж где имеется?
2019-12-09 13:40:32,538,kaggle,имеют бокалы что?
2019-12-09 13:40:32,539,kaggle,имеют что бокалы?
2019-12-09 13:40:32,540,kaggle,что имеют бокалы?
2019-12-09 13:40:32,541,kaggle,что каплевидную форму имеет?
2019-12-09 13:40:32,542,kaggle,какое предприятие делает металлические конструкции?
2019-12-09 13:40:32,543,kaggle,как работает компьютер?
2019-12-09 13:40:32,544,kaggle,что работает отлично?
2019-12-09 13:40:32,545,kaggle,что подстегивает шаг?
2019-12-09 13:40:32,546,kaggle,подстегивает шаг что?
2019-12-09 13:40:32,547,kaggle,имеет взаимозависимый ход что?
2019-12-09 13:40:32,548,kaggle,хочу что Тк?
2019-12-09 13:40:32,549,kaggle,Тк хочу какой привод?
2019-12-09 13:40:32,550,kaggle,вовремя менялось что?
2019-12-09 13:40:32,551,kaggle,распродает предприятие что?
2019-12-09 13:40:32,552,kaggle,что распродает товарные остатки?
2019-12-09 13:40:32,553,kaggle,многократно используется что?
2019-12-09 13:40:32,554,kaggle,как оплачивается уборка?
2019-12-09 13:40:32,555,kaggle,учет продаж как ведется?
2019-12-09 13:40:32,556,kaggle,что ведется автоматически?
2019-12-09 13:40:32,557,kaggle,ведется что автоматически?
2019-12-09 13:40:32,558,kaggle,автоматически ведется что?
2019-12-09 13:40:32,559,kaggle,что курсирует регулярно?
2019-12-09 13:40:32,560,kaggle,курсирует что регулярно?
2019-12-09 13:40:32,561,kaggle,что дома стоит?
2019-12-09 13:40:32,562,kaggle,ждет автомобиль кого?
2019-12-09 13:40:32,563,kaggle,кого ждет автомобиль?
2019-12-09 13:40:32,564,kaggle,своего нового хозяина ждет что?
2019-12-09 13:40:32,565,kaggle,оркестр играл что?
2019-12-09 13:40:32,566,kaggle,играло что туш?
2019-12-09 13:40:32,567,kaggle,отлично дополнит какой интерьер?
2019-12-09 13:40:32,568,kaggle,отлично дополнит что?
2019-12-09 13:40:32,569,kaggle,система как загружается?
2019-12-09 13:40:32,570,kaggle,загружается система как?
2019-12-09 13:40:32,571,kaggle,пожал Кармини чем?
2019-12-09 13:40:32,572,kaggle,чем пожал Кармини?
2019-12-09 13:40:32,573,kaggle,продам юбка и кофта что?
2019-12-09 13:40:32,574,kaggle,продам что юбка и кофта?
2019-12-09 13:40:32,575,kaggle,что продам юбка и кофта?
2019-12-09 13:40:32,576,kaggle,костюм продам что?
2019-12-09 13:40:32,577,kaggle,что работает очень хорошо?
2019-12-09 13:40:32,578,kaggle,работает очень хорошо что?
2019-12-09 13:40:32,579,kaggle,индивидуально что обговаривается?
2019-12-09 13:40:32,580,kaggle,застраивается поселок чем?
2019-12-09 13:40:32,581,kaggle,товар имеет что?
2019-12-09 13:40:32,582,kaggle,что нажало кнопку?
2019-12-09 13:40:32,583,kaggle,что кнопку нажало?
2019-12-09 13:40:32,584,kaggle,нажало кнопку что?
2019-12-09 13:40:32,585,kaggle,кнопку что нажало?
2019-12-09 13:40:32,586,kaggle,оформляются работы чем?
2019-12-09 13:40:32,587,kaggle,оформляются чем работы?
2019-12-09 13:40:32,588,kaggle,выкинула мама кого?
2019-12-09 13:40:32,589,kaggle,кого выкинула мама?
2019-12-09 13:40:32,590,kaggle,кто лягушку выкинул?
2019-12-09 13:40:32,591,kaggle,кто быстрее пошел?
2019-12-09 13:40:32,592,kaggle,пошел быстрее кто?
2019-12-09 13:40:32,593,kaggle,милые добрые котята кого ищут?
2019-12-09 13:40:32,594,kaggle,ищет хозяев кто?
2019-12-09 13:40:32,595,kaggle,куда заторопился Мадс?
2019-12-09 13:40:32,596,kaggle,заторопился куда Мадс?
2019-12-09 13:40:32,597,kaggle,заторопился Мадс куда?
2019-12-09 13:40:32,598,kaggle,Мадс заторопился куда?
2019-12-09 13:40:32,599,kaggle,условия сотрудничества оговаривается как?
2019-12-09 13:40:32,600,kaggle,что оговаривается индивидуально?
2019-12-09 13:40:32,601,kaggle,оговаривается что индивидуально?
2019-12-09 13:40:32,602,kaggle,чем каждая фаза сопровождаются?
2019-12-09 13:40:32,603,kaggle,удобными плакатами сопровождается что?
2019-12-09 13:40:32,604,kaggle,погромче кто завыл?
2019-12-09 13:40:32,605,kaggle,погромче завыл кто?
2019-12-09 13:40:32,606,kaggle,впереди бежало что?
2019-12-09 13:40:32,607,kaggle,как попало что стоит?
2019-12-09 13:40:32,608,kaggle,цена соответствует чему?
2019-12-09 13:40:32,609,kaggle,чему цена соответствует?
2019-12-09 13:40:32,610,kaggle,что действительности соответствует?
2019-12-09 13:40:32,611,kaggle,чем является электричество?
2019-12-09 13:40:32,612,kaggle,что является единственным доступным оружием?
2019-12-09 13:40:32,613,kaggle,что единственным доступным оружием является?
2019-12-09 13:40:32,614,kaggle,вызывает Дейер кого?
2019-12-09 13:40:32,615,kaggle,кого вызывает Дейер?
2019-12-09 13:40:32,616,kaggle,Филипп хлопнул чем?
2019-12-09 13:40:32,617,kaggle,дверью кто хлопнул?
2019-12-09 13:40:32,618,kaggle,пожал кто плечами?
2019-12-09 13:40:32,619,kaggle,пожал плечами кто?
2019-12-09 13:40:32,620,kaggle,удар что смягчило?
2019-12-09 13:40:32,621,kaggle,работает как газ?
2019-12-09 13:40:32,622,kaggle,что работает отлично?
2019-12-09 13:40:32,623,kaggle,что отлично работает?
2019-12-09 13:40:32,624,kaggle,работает отлично что?
2019-12-09 13:40:32,625,kaggle,Сарданапал покачал чем?
2019-12-09 13:40:32,626,kaggle,покачал Сарданапал чем?
2019-12-09 13:40:32,627,kaggle,сотовым поликарбонатом покрывается что?
2019-12-09 13:40:32,628,kaggle,покрывается сотовым поликарбонатом что?
2019-12-09 13:40:32,629,kaggle,каким поликарбонатом верх покрывается?
2019-12-09 13:40:32,630,kaggle,верх каким поликарбонатом покрывается?
2019-12-09 13:40:32,631,kaggle,кто листок протягивает?
2019-12-09 13:40:32,632,kaggle,дверь как отворилась?
2019-12-09 13:40:32,633,kaggle,отворилось что тихо?
2019-12-09 13:40:32,634,kaggle,что полиамидные поворотные колеса обеспечивают?
2019-12-09 13:40:32,635,kaggle,что обеспечивают полиамидные поворотные колеса?
2019-12-09 13:40:32,636,kaggle,обеспечивает маневренность что?
2019-12-09 13:40:32,637,kaggle,сунул что Санька?
2019-12-09 13:40:32,638,kaggle,что сунул Санька?
2019-12-09 13:40:32,639,kaggle,кто трешку сунул?
2019-12-09 13:40:32,640,kaggle,трешку сунул кто?
2019-12-09 13:40:32,641,kaggle,что крутится тихо?
2019-12-09 13:40:32,642,kaggle,работает ДВИГ как?
2019-12-09 13:40:32,643,kaggle,ДВИГ как работает?
2019-12-09 13:40:32,644,kaggle,прокачивало достойно что?
2019-12-09 13:40:32,645,kaggle,достойно прокачивало что?
2019-12-09 13:40:32,646,kaggle,что ищет кошка?
2019-12-09 13:40:32,647,kaggle,дети как растут?
2019-12-09 13:40:32,648,kaggle,растет кто быстро?
2019-12-09 13:40:32,649,kaggle,имеет прямоугольную форму что?
2019-12-09 13:40:32,650,kaggle,прямоугольную форму что имеет?
2019-12-09 13:40:32,651,kaggle,отдельно одевается что?
2019-12-09 13:40:32,652,kaggle,что раскалилось докрасна?
2019-12-09 13:40:32,653,kaggle,докрасна что раскалилось?
2019-12-09 13:40:32,654,kaggle,чему соответствует качество?
2019-12-09 13:40:32,655,kaggle,что соответствует бренду?
2019-12-09 13:40:32,656,kaggle,соответствует что бренду?
2019-12-09 13:40:32,657,kaggle,бренду соответствует что?
2019-12-09 13:40:32,658,kaggle,зрители затаили что?
2019-12-09 13:40:32,659,kaggle,что зрители затаили?
2019-12-09 13:40:32,660,kaggle,затаил дыхание кто?
2019-12-09 13:40:32,661,kaggle,роса что холодила?
2019-12-09 13:40:32,662,kaggle,холодила что роса?
2019-12-09 13:40:32,663,kaggle,что холодила роса?
2019-12-09 13:40:32,664,kaggle,холодило что ноги?
2019-12-09 13:40:32,665,kaggle,стоимость доставки как оговаривается?
2019-12-09 13:40:32,666,kaggle,оговаривается стоимость доставки как?
2019-12-09 13:40:32,667,kaggle,как оговаривается стоимость доставки?
2019-12-09 13:40:32,668,kaggle,оговаривается что индивидуально?
2019-12-09 13:40:32,669,kaggle,чем кожаный чехол будет?
2019-12-09 13:40:32,670,kaggle,что кнопкой регулируется?
2019-12-09 13:40:32,671,kaggle,колыхается тихо что?
2019-12-09 13:40:32,672,kaggle,тихо колыхается что?
2019-12-09 13:40:32,673,kaggle,прошло прекрасно что?
2019-12-09 13:40:32,674,kaggle,обеспечивают эргономичные ручки какой захват?
2019-12-09 13:40:32,675,kaggle,какие ручки удобный захват обеспечивают?
2019-12-09 13:40:32,676,kaggle,что удобный захват обеспечивает?
2019-12-09 13:40:32,677,kaggle,музыка что задает?
2019-12-09 13:40:32,678,kaggle,что музыка задает?
2019-12-09 13:40:32,679,kaggle,задает что стиль?
2019-12-09 13:40:32,680,kaggle,куда люди торопятся?
2019-12-09 13:40:32,681,kaggle,торопится кто домой?
2019-12-09 13:40:32,682,kaggle,что имеет коляска?
2019-12-09 13:40:32,683,kaggle,имеет что оригинальный дизайн?
2019-12-09 13:40:32,684,kaggle,имеет какой дизайн коляска?
2019-12-09 13:40:32,685,kaggle,находится где резинобитумный слой?
2019-12-09 13:40:32,686,kaggle,чем пахнет дело?
2019-12-09 13:40:32,687,kaggle,что пахнет трибуналом?
2019-12-09 13:40:32,688,kaggle,трибуналом что пахнет?
2019-12-09 13:40:32,689,kaggle,трибуналом пахнет что?
2019-12-09 13:40:32,690,kaggle,увеличивает лупа как?
2019-12-09 13:40:32,691,kaggle,что увеличивает хорошо?
2019-12-09 13:40:32,692,kaggle,увеличивает что хорошо?
2019-12-09 13:40:32,693,kaggle,снимет комнату или квартиру кто?
2019-12-09 13:40:32,694,kaggle,регулируется размер талии чем?
2019-12-09 13:40:32,695,kaggle,что кулиской регулируется?
2019-12-09 13:40:32,696,kaggle,чипы блокируют печать?
2019-12-09 13:40:32,697,kaggle,печать чипы блокируют?
2019-12-09 13:40:32,698,kaggle,что прокатило мимо?
2019-12-09 13:40:32,699,kaggle,что мимо прокатило?
2019-12-09 13:40:32,700,kaggle,мимо прокатило что?
2019-12-09 13:40:32,701,kaggle,перекрывается коридор чем?
2019-12-09 13:40:32,702,kaggle,перекрывается чем коридор?
2019-12-09 13:40:32,703,kaggle,железной дверью что перекрывается?
2019-12-09 13:40:32,704,kaggle,что перекрывается железной дверью?
2019-12-09 13:40:32,705,kaggle,ослепило кого пламя?
2019-12-09 13:40:32,706,kaggle,что Таню ослепило?
2019-12-09 13:40:32,707,kaggle,Питер что открыл?
2019-12-09 13:40:32,708,kaggle,кто дверь открыл?
2019-12-09 13:40:32,709,kaggle,открыл кто дверь?
2019-12-09 13:40:32,710,kaggle,дверь открыл кто?
2019-12-09 13:40:32,711,kaggle,поклонилась кому мать?
2019-12-09 13:40:32,712,kaggle,кому мать поклонилась?
2019-12-09 13:40:32,713,kaggle,кому поклонилась мать?
2019-12-09 13:40:32,714,kaggle,кто Пантелею поклонился?
2019-12-09 13:40:32,715,kaggle,кому слезы мешали?
2019-12-09 13:40:32,716,kaggle,что мешало певцам?
2019-12-09 13:40:32,717,kaggle,мешало что певцам?
2019-12-09 13:40:32,718,kaggle,мешало певцам что?
2019-12-09 13:40:32,719,kaggle,что комплектуется отдельно?
2019-12-09 13:40:32,720,kaggle,что отдельно комплектуется?
2019-12-09 13:40:32,721,kaggle,что велосипед имеет?
2019-12-09 13:40:32,722,kaggle,имеет какие тормоза велосипед?
2019-12-09 13:40:32,723,kaggle,что вовремя обслуживалось?
2019-12-09 13:40:32,724,kaggle,обслуживалось вовремя что?
2019-12-09 13:40:32,725,kaggle,вовремя что обслуживалось?
2019-12-09 13:40:32,726,kaggle,что испанец дал?
2019-12-09 13:40:32,727,kaggle,кто дал тон?
2019-12-09 13:40:32,728,kaggle,кто тон дал?
2019-12-09 13:40:32,729,kaggle,дал кто тон?
2019-12-09 13:40:32,730,kaggle,болтун что поднял?
2019-12-09 13:40:32,731,kaggle,поднял болтун что?
2019-12-09 13:40:32,732,kaggle,что поднял болтун?
2019-12-09 13:40:32,733,kaggle,кто руку поднял?
2019-12-09 13:40:32,734,kaggle,козлик каким молоком выпаивается?
2019-12-09 13:40:32,735,kaggle,крышка прилегает как?
2019-12-09 13:40:32,736,kaggle,отлично что прилегает?
2019-12-09 13:40:32,737,kaggle,как работают молнии?
2019-12-09 13:40:32,738,kaggle,работают как молнии?
2019-12-09 13:40:32,739,kaggle,работает что отлично?
2019-12-09 13:40:32,740,kaggle,что продает электродвигатели?
2019-12-09 13:40:32,741,kaggle,что дальше побежало?
2019-12-09 13:40:32,742,kaggle,кого шотландец ищет?
2019-12-09 13:40:32,743,kaggle,ищет кто хозяев?
2019-12-09 13:40:32,744,kaggle,хозяев кто ищет?
2019-12-09 13:40:32,745,kaggle,развязала что груша?
2019-12-09 13:40:32,746,kaggle,что груша развязала?
2019-12-09 13:40:32,747,kaggle,мотнул Санька чем?
2019-12-09 13:40:32,748,kaggle,чем мотнул Санька?
2019-12-09 13:40:32,749,kaggle,кто мотнул головой?
2019-12-09 13:40:32,750,kaggle,мотнул кто головой?
2019-12-09 13:40:32,751,kaggle,любое помощение как прогревает?
2019-12-09 13:40:32,752,kaggle,какое помощение прогревает идеально?
2019-12-09 13:40:32,753,kaggle,идеально прогревает какое помощение?
2019-12-09 13:40:32,754,kaggle,прогревает идеально что?
2019-12-09 13:40:32,755,kaggle,что осуществляется на дому?
2019-12-09 13:40:32,756,kaggle,осуществляется на дому что?
2019-12-09 13:40:32,757,kaggle,на дому осуществляется что?
2019-12-09 13:40:32,758,kaggle,ищет котенок кого?
2019-12-09 13:40:32,759,kaggle,хороших хозяев кто ищет?
2019-12-09 13:40:32,760,kaggle,ищет котенок каких хозяев?
2019-12-09 13:40:32,761,kaggle,радость окрыляла кого?
2019-12-09 13:40:32,762,kaggle,Рамону что окрыляло?
2019-12-09 13:40:32,763,kaggle,сменил причина продажи что?
2019-12-09 13:40:32,764,kaggle,что сменил причина продажи?
2019-12-09 13:40:32,765,kaggle,авто что сменило?
2019-12-09 13:40:32,766,kaggle,закрываются как крышки?
2019-12-09 13:40:32,767,kaggle,закрываются крышки как?
2019-12-09 13:40:32,768,kaggle,отлично закрывается что?
2019-12-09 13:40:32,769,kaggle,что ищет главного сварщика?
2019-12-09 13:40:32,770,kaggle,девочка кого ищет?
2019-12-09 13:40:32,771,kaggle,кого девочка ищет?
2019-12-09 13:40:32,772,kaggle,ищет кто своего первого мальчика?
2019-12-09 13:40:32,773,kaggle,бант где отстегивается?
2019-12-09 13:40:32,774,kaggle,самостоятельно организуется что?
2019-12-09 13:40:32,775,kaggle,Саша что открыл?
2019-12-09 13:40:32,776,kaggle,открыл Саша что?
2019-12-09 13:40:32,777,kaggle,милиционер кого вводит?
2019-12-09 13:40:32,778,kaggle,кого вводит милиционер?
2019-12-09 13:40:32,779,kaggle,кто Генку вводит?
2019-12-09 13:40:32,780,kaggle,вводит Генку кто?
2019-12-09 13:40:32,781,kaggle,ходит как маршрутка?
2019-12-09 13:40:32,782,kaggle,ходит маршрутка как?
2019-12-09 13:40:32,783,kaggle,маршрутка ходит как?
2019-12-09 13:40:32,784,kaggle,ищет бригада рабочих что?
2019-12-09 13:40:32,785,kaggle,что бригада рабочих ищет?
2019-12-09 13:40:32,786,kaggle,что ищет подряд?
2019-12-09 13:40:32,787,kaggle,подряд что ищет?
2019-12-09 13:40:32,788,kaggle,кто зарычал снова?
2019-12-09 13:40:32,789,kaggle,зарычал кто снова?
2019-12-09 13:40:32,790,kaggle,зарычал снова кто?
2019-12-09 13:40:32,791,kaggle,лоток как знает?
2019-12-09 13:40:32,792,kaggle,лоток знает как?
2019-12-09 13:40:32,793,kaggle,знает что отлично?
2019-12-09 13:40:32,794,kaggle,знает отлично что?
2019-12-09 13:40:32,795,kaggle,выполняет что бригада?
2019-12-09 13:40:32,796,kaggle,что выполняет бригада?
2019-12-09 13:40:32,797,kaggle,какие работы выполняет бригада?
2019-12-09 13:40:32,798,kaggle,купил папа что?
2019-12-09 13:40:32,799,kaggle,купил что папа?
2019-12-09 13:40:32,800,kaggle,телевизор купил кто?
2019-12-09 13:40:32,801,kaggle,напирал Тимсон как?
2019-12-09 13:40:32,802,kaggle,что идет вовсю?
2019-12-09 13:40:32,803,kaggle,вовсю идет что?
2019-12-09 13:40:32,804,kaggle,что сидит великолепно?
2019-12-09 13:40:32,805,kaggle,что великолепно сидит?
2019-12-09 13:40:32,806,kaggle,сидит что великолепно?
2019-12-09 13:40:32,807,kaggle,великолепно сидит что?
2019-12-09 13:40:32,808,kaggle,кто своих хозяев ждет?
2019-12-09 13:40:32,809,kaggle,своих хозяев кто ждет?
2019-12-09 13:40:32,810,kaggle,своих хозяев ждет кто?
2019-12-09 13:40:32,811,kaggle,каких хозяев пушистики ждут?
2019-12-09 13:40:32,812,kaggle,что идеально сохранилось?
2019-12-09 13:40:32,813,kaggle,сохранилось что идеально?
2019-12-09 13:40:32,814,kaggle,сохранилось идеально что?
2019-12-09 13:40:32,815,kaggle,идеально что сохранилось?
2019-12-09 13:40:32,816,kaggle,короткое нажатие включает что?
2019-12-09 13:40:32,817,kaggle,Шурасик как позеленел?
2019-12-09 13:40:32,818,kaggle,задумчиво кто позеленел?
2019-12-09 13:40:32,819,kaggle,каждая конфорка что имеет?
2019-12-09 13:40:32,820,kaggle,чем пользуются футуристические интерьеры?
2019-12-09 13:40:32,821,kaggle,показал что Генка?
2019-12-09 13:40:32,822,kaggle,показал пятерню кто?
2019-12-09 13:40:32,823,kaggle,работает исправно кто?
2019-12-09 13:40:32,824,kaggle,исправно кто работает?
2019-12-09 13:40:32,825,kaggle,имеет крышка что?
2019-12-09 13:40:32,826,kaggle,что имеет крышка?
2019-12-09 13:40:32,827,kaggle,что внешние боковые зажимы имеет?
2019-12-09 13:40:32,828,kaggle,имеет внешние боковые зажимы что?
2019-12-09 13:40:32,829,kaggle,талия регулируется чем?
2019-12-09 13:40:32,830,kaggle,регулируется ремнем что?
2019-12-09 13:40:32,831,kaggle,ремнем что регулируется?
2019-12-09 13:40:32,832,kaggle,какой котик приглашает кошечек?
2019-12-09 13:40:32,833,kaggle,кто умрет совсем?
2019-12-09 13:40:32,834,kaggle,умрет совсем кто?
2019-12-09 13:40:32,835,kaggle,катаются где глазки?
2019-12-09 13:40:32,836,kaggle,что катается внутри?
2019-12-09 13:40:32,837,kaggle,что внутри катается?
2019-12-09 13:40:32,838,kaggle,какая подошва скольжение предотвратит?
2019-12-09 13:40:32,839,kaggle,предотвратит скольжение какая подошва?
2019-12-09 13:40:32,840,kaggle,скольжение предотвратит что?
2019-12-09 13:40:32,841,kaggle,Машааллагь тянет как?
2019-12-09 13:40:32,842,kaggle,красиво что плавает?
2019-12-09 13:40:32,843,kaggle,вздохнул Рекс как?
2019-12-09 13:40:32,844,kaggle,любое мероприятие украсят какие огни?
2019-12-09 13:40:32,845,kaggle,бенгальские огни украсят что?
2019-12-09 13:40:32,846,kaggle,украсит что любое мероприятие?
2019-12-09 13:40:32,847,kaggle,Женя где сидел?
2019-12-09 13:40:32,848,kaggle,сидел кто рядом?
2019-12-09 13:40:32,849,kaggle,сидел рядом кто?
2019-12-09 13:40:32,850,kaggle,проходит стерилизацию что?
2019-12-09 13:40:32,851,kaggle,поднял что Сыроежкин?
2019-12-09 13:40:32,852,kaggle,ждет каких хозяев Подрощеный котенок?
2019-12-09 13:40:32,853,kaggle,Подрощеный котенок ждет кого?
2019-12-09 13:40:32,854,kaggle,кто ждет любящих хозяев?
2019-12-09 13:40:32,855,kaggle,ждет кто любящих хозяев?
2019-12-09 13:40:32,856,kaggle,специалист уложит что?
2019-12-09 13:40:32,857,kaggle,кто уложит ламинат?
2019-12-09 13:40:32,858,kaggle,уложит кто ламинат?
2019-12-09 13:40:32,859,kaggle,ламинат уложит кто?
2019-12-09 13:40:32,860,kaggle,посуточно что сдается?
2019-12-09 13:40:32,861,kaggle,посуточно сдается что?
2019-12-09 13:40:32,862,kaggle,сдается посуточно что?
2019-12-09 13:40:32,863,kaggle,топила что мать?
2019-12-09 13:40:32,864,kaggle,топил печку кто?
2019-12-09 13:40:32,865,kaggle,печку кто топил?
2019-12-09 13:40:32,866,kaggle,имеет что стекло?
2019-12-09 13:40:32,867,kaggle,сферическую поверхность имеет что?
2019-12-09 13:40:32,868,kaggle,подчеркивает пояс как фигуру?
2019-12-09 13:40:32,869,kaggle,фигуру пояс как подчеркивает?
2019-12-09 13:40:32,870,kaggle,фигуру пояс подчеркивает как?
2019-12-09 13:40:32,871,kaggle,фигуру подчеркивает как пояс?
2019-12-09 13:40:32,872,kaggle,размывает как задний фон?
2019-12-09 13:40:32,873,kaggle,что отлично размывает?
2019-12-09 13:40:32,874,kaggle,что насос качает?
2019-12-09 13:40:32,875,kaggle,что качает насос?
2019-12-09 13:40:32,876,kaggle,управляется как кайт?
2019-12-09 13:40:32,877,kaggle,что управляется отлично?
2019-12-09 13:40:32,878,kaggle,отлично управляется что?
2019-12-09 13:40:32,879,kaggle,как продаются матрасы?
2019-12-09 13:40:32,880,kaggle,продаются как матрасы?
2019-12-09 13:40:32,881,kaggle,что продается отдельно?
2019-12-09 13:40:32,882,kaggle,что отдельно продается?
2019-12-09 13:40:32,883,kaggle,опустил Фокс что?
2019-12-09 13:40:32,884,kaggle,опустил что Фокс?
2019-12-09 13:40:32,885,kaggle,что опустил Фокс?
2019-12-09 13:40:32,886,kaggle,промолчали как подруги?
2019-12-09 13:40:32,887,kaggle,подруги промолчали как?
2019-12-09 13:40:32,888,kaggle,задумчиво кто промолчал?
2019-12-09 13:40:32,889,kaggle,задумчиво промолчал кто?
2019-12-09 13:40:32,890,kaggle,что прошло полную техническую диагностику?
2019-12-09 13:40:32,891,kaggle,прошло полную техническую диагностику что?
2019-12-09 13:40:32,892,kaggle,работу какой человек выполню?
2019-12-09 13:40:32,893,kaggle,кто работу выполню?
2019-12-09 13:40:32,894,kaggle,выполню работу кто?
2019-12-09 13:40:32,895,kaggle,кого ждет девочка?
2019-12-09 13:40:32,896,kaggle,ждет своих любящих родителей кто?
2019-12-09 13:40:32,897,kaggle,своих любящих родителей кто ждет?
2019-12-09 13:40:32,898,kaggle,своих любящих родителей ждет кто?
2019-12-09 13:40:32,899,kaggle,была Транснистрия чем?
2019-12-09 13:40:32,900,kaggle,ребята кого окружили?
2019-12-09 13:40:32,901,kaggle,окружили кого ребята?
2019-12-09 13:40:32,902,kaggle,начался где ажиотаж?
2019-12-09 13:40:32,903,kaggle,ажиотаж где начался?
2019-12-09 13:40:32,904,kaggle,что сдается посуточно?
2019-12-09 13:40:32,905,kaggle,что посуточно сдается?
2019-12-09 13:40:32,906,kaggle,мешает паутина работе?
2019-12-09 13:40:32,907,kaggle,обеспечивает что хорошую маневренность?
2019-12-09 13:40:32,908,kaggle,хорошую маневренность что обеспечивает?
2019-12-09 13:40:32,909,kaggle,что фото портит?
2019-12-09 13:40:32,910,kaggle,что видимость бюстгалтера портит?
2019-12-09 13:40:32,911,kaggle,видимость бюстгалтера что портит?
2019-12-09 13:40:32,912,kaggle,видимость бюстгалтера портит что?
2019-12-09 13:40:32,913,kaggle,шум что уменьшает?
2019-12-09 13:40:32,914,kaggle,какие рукава имитируют блузу?
2019-12-09 13:40:32,915,kaggle,имитируют что белые рукава?
2019-12-09 13:40:32,916,kaggle,имитирует что блузу?
2019-12-09 13:40:32,917,kaggle,блузу что имитирует?
2019-12-09 13:40:32,918,kaggle,возьмет бригада что?
2019-12-09 13:40:32,919,kaggle,что уносится вдаль?
2019-12-09 13:40:32,920,kaggle,уносится что вдаль?
2019-12-09 13:40:32,921,kaggle,кто владельцев груза ищет?
2019-12-09 13:40:32,922,kaggle,что отлично освещает?
2019-12-09 13:40:32,923,kaggle,отлично что освещает?
2019-12-09 13:40:32,924,kaggle,как Ванька улыбнулся?
2019-12-09 13:40:32,925,kaggle,кто улыбнулся загадочно?
2019-12-09 13:40:32,926,kaggle,загадочно улыбнулся кто?
2019-12-09 13:40:32,927,kaggle,что ресторан имеет?
2019-12-09 13:40:32,928,kaggle,имеет что постоянную клиентуру?
2019-12-09 13:40:32,929,kaggle,постоянную клиентуру имеет что?
2019-12-09 13:40:32,930,kaggle,каких хозяев маленькие красавцы ждут?
2019-12-09 13:40:32,931,kaggle,каких хозяев ждут маленькие красавцы?
2019-12-09 13:40:32,932,kaggle,какие красавцы ждут своих хозяев?
2019-12-09 13:40:32,933,kaggle,ждут маленькие красавцы кого?
2019-12-09 13:40:32,934,kaggle,какие замеры сделают наши сотрудники?
2019-12-09 13:40:32,935,kaggle,сделают какие сотрудники верные замеры?
2019-12-09 13:40:32,936,kaggle,что сделают наши сотрудники?
2019-12-09 13:40:32,937,kaggle,Катунь расшумелась когда?
2019-12-09 13:40:32,938,kaggle,расшумелось ночью что?
2019-12-09 13:40:32,939,kaggle,ночью расшумелось что?
2019-12-09 13:40:32,940,kaggle,спереди используется какое стекло?
2019-12-09 13:40:32,941,kaggle,что используется спереди?
2019-12-09 13:40:32,942,kaggle,используется спереди что?
2019-12-09 13:40:32,943,kaggle,Леночка кого одобряет?
2019-12-09 13:40:32,944,kaggle,бревно что имеет?
2019-12-09 13:40:32,945,kaggle,какие изгибы бревно имеет?
2019-12-09 13:40:32,946,kaggle,имеет бревно какие изгибы?
2019-12-09 13:40:32,947,kaggle,тетки пожаловались кому?
2019-12-09 13:40:32,948,kaggle,пожаловался кто маме?
2019-12-09 13:40:32,949,kaggle,впереди выросло что?
2019-12-09 13:40:32,950,kaggle,какое тепло дает?
2019-12-09 13:40:32,951,kaggle,что дает?
2019-12-09 13:40:32,952,kaggle,что подалось вперед?
2019-12-09 13:40:32,953,kaggle,подалось что вперед?
2019-12-09 13:40:32,954,kaggle,подалось вперед что?
2019-12-09 13:40:32,955,kaggle,что Юлий разгадал?
2019-12-09 13:40:32,956,kaggle,имеет кресло что?
2019-12-09 13:40:32,957,kaggle,решилось неожиданно что?
2019-12-09 13:40:32,958,kaggle,что продам юбка и кофта?
2019-12-09 13:40:32,959,kaggle,продам что костюм?
2019-12-09 13:40:32,960,kaggle,продам костюм что?
2019-12-09 13:40:32,961,kaggle,кто недолго стеснялся?
2019-12-09 13:40:32,962,kaggle,стеснялся кто недолго?
2019-12-09 13:40:32,963,kaggle,недолго стеснялся кто?
2019-12-09 13:40:32,964,kaggle,дает что красивый блеск?
2019-12-09 13:40:32,965,kaggle,покинул что отряд?
2019-12-09 13:40:32,966,kaggle,что отряд покинул?
2019-12-09 13:40:32,967,kaggle,что покинул отряд?
2019-12-09 13:40:32,968,kaggle,что покинуло джунгли?
2019-12-09 13:40:32,969,kaggle,вырез удлиняет что?
2019-12-09 13:40:32,970,kaggle,вырез что удлиняет?
2019-12-09 13:40:32,971,kaggle,что вырез удлиняет?
2019-12-09 13:40:32,972,kaggle,шею удлиняет что?
2019-12-09 13:40:32,973,kaggle,хорошо что держит заряд?
2019-12-09 13:40:32,974,kaggle,как жилет продается?
2019-12-09 13:40:32,975,kaggle,продается жилет как?
2019-12-09 13:40:32,976,kaggle,что продается отдельно?
2019-12-09 13:40:32,977,kaggle,отдельно продается что?
2019-12-09 13:40:32,978,kaggle,Нацианальность имеет значения?
2019-12-09 13:40:32,979,kaggle,Нацианальность значения имеет?
2019-12-09 13:40:32,980,kaggle,имеет значения Нацианальность?
2019-12-09 13:40:32,981,kaggle,значения имеет Нацианальность?
2019-12-09 13:40:32,982,kaggle,вилял чем Тимми?
2019-12-09 13:40:32,983,kaggle,Латуня что понюхал?
2019-12-09 13:40:32,984,kaggle,люди каку пожелают?
2019-12-09 13:40:32,985,kaggle,пушистые комочки ждут каких хозяев?
2019-12-09 13:40:32,986,kaggle,пушистые комочки кого ждут?
2019-12-09 13:40:32,987,kaggle,ждет что новых хозяев?
2019-12-09 13:40:32,988,kaggle,новых хозяев ждет что?
2019-12-09 13:40:32,989,kaggle,горе кого взяло?
2019-12-09 13:40:32,990,kaggle,кого взяло горе?
2019-12-09 13:40:32,991,kaggle,проходят коммуникации где?
2019-12-09 13:40:32,992,kaggle,проходит рядом что?
2019-12-09 13:40:32,993,kaggle,кивает как Таня?
2019-12-09 13:40:32,994,kaggle,Таня как кивает?
2019-12-09 13:40:32,995,kaggle,сочувственно кивает кто?
2019-12-09 13:40:32,996,kaggle,чехол чем идет?
2019-12-09 13:40:32,997,kaggle,идет чем чехол?
2019-12-09 13:40:32,998,kaggle,чем идет чехол?
2019-12-09 13:40:32,999,kaggle,гитарой что идет?
2019-12-09 13:40:32,1000,kaggle,ищут новый дом какие милашки?
2019-12-09 13:40:32,1001,kaggle,чистокровные милашки что ищут?
2019-12-09 13:40:32,1002,kaggle,семью или студентов кто возьмет?
2019-12-09 13:40:32,1003,kaggle,регулярно ходит что?
2019-12-09 13:40:32,1004,kaggle,Филипп толкнул что?
2019-12-09 13:40:32,1005,kaggle,кто дверь толкнул?
2019-12-09 13:40:32,1006,kaggle,дверь кто толкнул?
2019-12-09 13:40:32,1007,kaggle,расцеловала кого старушка?
2019-12-09 13:40:32,1008,kaggle,расцеловал старичка кто?
2019-12-09 13:40:32,1009,kaggle,что ждет своих хозяев?
2019-12-09 13:40:32,1010,kaggle,ждет что своих хозяев?
2019-12-09 13:40:32,1011,kaggle,своих хозяев что ждет?
2019-12-09 13:40:32,1012,kaggle,ушки лежат как?
2019-12-09 13:40:32,1013,kaggle,отлично что лежит?
2019-12-09 13:40:32,1014,kaggle,отлично лежит что?
2019-12-09 13:40:32,1015,kaggle,тучи закрыли что?
2019-12-09 13:40:32,1016,kaggle,закрыли тучи что?
2019-12-09 13:40:32,1017,kaggle,что тучи закрыли?
2019-12-09 13:40:32,1018,kaggle,кого ждет шотландская кошечка?
2019-12-09 13:40:32,1019,kaggle,резинками что регулируется?
2019-12-09 13:40:32,1020,kaggle,что ищет рубщик мяса?
2019-12-09 13:40:32,1021,kaggle,шнуровка что регулирует?
2019-12-09 13:40:32,1022,kaggle,регулирует шнуровка что?
2019-12-09 13:40:32,1023,kaggle,регулирует что плотность посадки?
2019-12-09 13:40:32,1024,kaggle,плотность посадки регулирует что?
2019-12-09 13:40:32,1025,kaggle,складывалось что так?
2019-12-09 13:40:32,1026,kaggle,складывалось так что?
2019-12-09 13:40:32,1027,kaggle,как работает холодильник?
2019-12-09 13:40:32,1028,kaggle,работает холодильник как?
2019-12-09 13:40:32,1029,kaggle,что работает хорошо?
2019-12-09 13:40:32,1030,kaggle,хорошо что работает?
2019-12-09 13:40:32,1031,kaggle,БИЛЛИНА пугает кого?
2019-12-09 13:40:32,1032,kaggle,пугает кого БИЛЛИНА?
2019-12-09 13:40:32,1033,kaggle,кого БИЛЛИНА пугает?
2019-12-09 13:40:32,1034,kaggle,пугает короля гномов кто?
2019-12-09 13:40:32,1035,kaggle,коробку кто порвал?
2019-12-09 13:40:32,1036,kaggle,коробку порвал кто?
2019-12-09 13:40:32,1037,kaggle,широкая подошва обладает чем?
2019-12-09 13:40:32,1038,kaggle,чем широкая подошва обладает?
2019-12-09 13:40:32,1039,kaggle,чем обладает широкая подошва?
2019-12-09 13:40:32,1040,kaggle,что обладает отличной гибкостью?
2019-12-09 13:40:32,1041,kaggle,функционирует безупречно что?
2019-12-09 13:40:32,1042,kaggle,безупречно функционирует что?
2019-12-09 13:40:32,1043,kaggle,выбирают что строители?
2019-12-09 13:40:32,1044,kaggle,какая семья снимет квартиру?
2019-12-09 13:40:32,1045,kaggle,снимет что молодая семья?
2019-12-09 13:40:32,1046,kaggle,молодая семья что снимет?
2019-12-09 13:40:32,1047,kaggle,молодая семья снимет что?
2019-12-09 13:40:32,1048,kaggle,запускается что нормально?
2019-12-09 13:40:32,1049,kaggle,запускается нормально что?
2019-12-09 13:40:32,1050,kaggle,нормально что запускается?
2019-12-09 13:40:32,1051,kaggle,нормально запускается что?
2019-12-09 13:40:32,1052,kaggle,отличается чем сумка?
2019-12-09 13:40:32,1053,kaggle,отличается что своей легкостью?
2019-12-09 13:40:32,1054,kaggle,что своей легкостью отличается?
2019-12-09 13:40:32,1055,kaggle,что перебиралось полностью?
2019-12-09 13:40:32,1056,kaggle,работает как слив?
2019-12-09 13:40:32,1057,kaggle,работает что хорошо?
2019-12-09 13:40:32,1058,kaggle,хорошо что работает?
2019-12-09 13:40:32,1059,kaggle,шлем имеет что?
2019-12-09 13:40:32,1060,kaggle,имеет солнцезащитные очки что?
2019-12-09 13:40:32,1061,kaggle,какие очки имеет шлем?
2019-12-09 13:40:32,1062,kaggle,имеет шлем какие очки?
2019-12-09 13:40:32,1063,kaggle,что работает радио?
2019-12-09 13:40:32,1064,kaggle,завязал причина продажи чем?
2019-12-09 13:40:32,1065,kaggle,завязало что строительством?
2019-12-09 13:40:32,1066,kaggle,как Тэн греет?
2019-12-09 13:40:32,1067,kaggle,Тэн как греет?
2019-12-09 13:40:32,1068,kaggle,Тэн греет как?
2019-12-09 13:40:32,1069,kaggle,что ищут студентки?
2019-12-09 13:40:32,1070,kaggle,кто работу ищет?
2019-12-09 13:40:32,1071,kaggle,ищет кто работу?
2019-12-09 13:40:32,1072,kaggle,кто ищет работу?
2019-12-09 13:40:32,1073,kaggle,работу ищет кто?
2019-12-09 13:40:32,1074,kaggle,кто еще спал?
2019-12-09 13:40:32,1075,kaggle,спал еще кто?
2019-12-09 13:40:32,1076,kaggle,кто работает хорошо?
2019-12-09 13:40:32,1077,kaggle,работает кто хорошо?
2019-12-09 13:40:32,1078,kaggle,что быстро набирает?
2019-12-09 13:40:32,1079,kaggle,набирает быстро что?
2019-12-09 13:40:32,1080,kaggle,быстро набирает что?
2019-12-09 13:40:32,1081,kaggle,Харлампий развел чем?
2019-12-09 13:40:32,1082,kaggle,чем Харлампий развел?
2019-12-09 13:40:32,1083,kaggle,чем развел Харлампий?
2019-12-09 13:40:32,1084,kaggle,кто развел руками?
2019-12-09 13:40:32,1085,kaggle,прибежал гурьбой кто?
2019-12-09 13:40:32,1086,kaggle,гурьбой кто прибежал?
2019-12-09 13:40:32,1087,kaggle,имеет что щенок?
2019-12-09 13:40:32,1088,kaggle,что щенок имеет?
2019-12-09 13:40:32,1089,kaggle,имеет кто клеймо и ветпаспорт?
2019-12-09 13:40:32,1090,kaggle,клеймо и ветпаспорт имеет кто?
2019-12-09 13:40:32,1091,kaggle,Синэ покачал чем?
2019-12-09 13:40:32,1092,kaggle,Синэ чем покачал?
2019-12-09 13:40:32,1093,kaggle,покачал Синэ чем?
2019-12-09 13:40:32,1094,kaggle,покачал чем Синэ?
2019-12-09 13:40:32,1095,kaggle,объёмную работу ищет что?
2019-12-09 13:40:32,1096,kaggle,машина вложения требует?
2019-12-09 13:40:32,1097,kaggle,вложения требует машина?
2019-12-09 13:40:32,1098,kaggle,имеют серьги что?
2019-12-09 13:40:32,1099,kaggle,что серьги имеют?
2019-12-09 13:40:32,1100,kaggle,имеет надёжную застёжку что?
2019-12-09 13:40:32,1101,kaggle,опустил что Тимми?
2019-12-09 13:40:32,1102,kaggle,кто хвост опустил?
2019-12-09 13:40:32,1103,kaggle,что содержит фотографии?
2019-12-09 13:40:32,1104,kaggle,на кого котенок пошел?
2019-12-09 13:40:32,1105,kaggle,заметили кого клепальщики?
2019-12-09 13:40:32,1106,kaggle,кого заметили клепальщики?
2019-12-09 13:40:32,1107,kaggle,заметил кто мальчишку?
2019-12-09 13:40:32,1108,kaggle,открывается вспышка чем?
2019-12-09 13:40:32,1109,kaggle,чем открывается вспышка?
2019-12-09 13:40:32,1110,kaggle,руками что открывается?
2019-12-09 13:40:32,1111,kaggle,кто нашел палку?
2019-12-09 13:40:32,1112,kaggle,пьезодатчик что выдает?
2019-12-09 13:40:32,1113,kaggle,мать подоила кого?
2019-12-09 13:40:32,1114,kaggle,подоила кого мать?
2019-12-09 13:40:32,1115,kaggle,ищет мастер что?
2019-12-09 13:40:32,1116,kaggle,что мастер ищет?
2019-12-09 13:40:32,1117,kaggle,что ищет мастер?
2019-12-09 13:40:32,1118,kaggle,карсетом утягивается где?
2019-12-09 13:40:32,1119,kaggle,маску снял кто?
2019-12-09 13:40:32,1120,kaggle,уступил Антон что?
2019-12-09 13:40:32,1121,kaggle,уступил что Антон?
2019-12-09 13:40:32,1122,kaggle,что Антон уступил?
2019-12-09 13:40:32,1123,kaggle,кто место уступил?
2019-12-09 13:40:32,1124,kaggle,колхозницы что пахали?
2019-12-09 13:40:32,1125,kaggle,пахали что колхозницы?
2019-12-09 13:40:32,1126,kaggle,значение имеет национальность?
2019-12-09 13:40:32,1127,kaggle,что порошок имеет?
2019-12-09 13:40:32,1128,kaggle,что имеет порошок?
2019-12-09 13:40:32,1129,kaggle,имеет пониженное пенообразование что?
2019-12-09 13:40:32,1130,kaggle,что морозит отлично?
2019-12-09 13:40:32,1131,kaggle,отлично морозит что?
2019-12-09 13:40:32,1132,kaggle,студент что ищет?
2019-12-09 13:40:32,1133,kaggle,что студент ищет?
2019-12-09 13:40:32,1134,kaggle,ищет работу кто?
2019-12-09 13:40:32,1135,kaggle,работу кто ищет?
2019-12-09 13:40:32,1136,kaggle,осуществляет покупатель что?
2019-12-09 13:40:32,1137,kaggle,что покупатель осуществляет?
2019-12-09 13:40:32,1138,kaggle,осуществляет транспортировку кто?
2019-12-09 13:40:32,1139,kaggle,транспортировку осуществляет кто?
2019-12-09 13:40:32,1140,kaggle,Иван и Александр что ищем?
2019-12-09 13:40:32,1141,kaggle,дом кто срочно ищет?
2019-12-09 13:40:32,1142,kaggle,длина что закрывает?
2019-12-09 13:40:32,1143,kaggle,закрывает длина что?
2019-12-09 13:40:32,1144,kaggle,что закрывает длина?
2019-12-09 13:40:32,1145,kaggle,попу закрывает что?
2019-12-09 13:40:32,1146,kaggle,роль играет оборудование?
2019-12-09 13:40:32,1147,kaggle,регулируется чем объем?
2019-12-09 13:40:32,1148,kaggle,что липучкой регулируется?
2019-12-09 13:40:32,1149,kaggle,регулируется что липучкой?
2019-12-09 13:40:32,1150,kaggle,отпечаток пальца работает как?
2019-12-09 13:40:32,1151,kaggle,отпечаток пальца как работает?
2019-12-09 13:40:32,1152,kaggle,что работает отлично?
2019-12-09 13:40:32,1153,kaggle,разомкнулось что мгновенно?
2019-12-09 13:40:32,1154,kaggle,оплачивается как сборка?
2019-12-09 13:40:32,1155,kaggle,оплачивается отдельно что?
2019-12-09 13:40:32,1156,kaggle,вышла куда Таёжка?
2019-12-09 13:40:32,1157,kaggle,вышла Таёжка куда?
2019-12-09 13:40:32,1158,kaggle,вышло наружу что?
2019-12-09 13:40:32,1159,kaggle,наружу вышло что?
2019-12-09 13:40:32,1160,kaggle,что имеет стандартную величину?
2019-12-09 13:40:32,1161,kaggle,предотвращает что формованная резиновая подошва?
2019-12-09 13:40:32,1162,kaggle,что предотвращает скольжение?
2019-12-09 13:40:32,1163,kaggle,полностью соответствует что?
2019-12-09 13:40:32,1164,kaggle,покачал головой кто?
2019-12-09 13:40:32,1165,kaggle,ждет маленькое чудо кого?
2019-12-09 13:40:32,1166,kaggle,ждет кого маленькое чудо?
2019-12-09 13:40:32,1167,kaggle,кого маленькое чудо ждет?
2019-12-09 13:40:32,1168,kaggle,на дому ищет работу кто?
2019-12-09 13:40:32,1169,kaggle,ребенок ходил что?
2019-12-09 13:40:32,1170,kaggle,пару раз ходил кто?
2019-12-09 13:40:32,1171,kaggle,приближался гравилет как?
2019-12-09 13:40:32,1172,kaggle,что имеют родители?
2019-12-09 13:40:32,1173,kaggle,что выполнит мастер?
2019-12-09 13:40:32,1174,kaggle,кто мелкий бытовой ремонт выполнит?
2019-12-09 13:40:32,1175,kaggle,мелкий бытовой ремонт кто выполнит?
2019-12-09 13:40:32,1176,kaggle,блузка подчеркивает что?
2019-12-09 13:40:32,1177,kaggle,подчеркивает блузка что?
2019-12-09 13:40:32,1178,kaggle,какой ассортимент предпродажную подготовку прошел?
2019-12-09 13:40:32,1179,kaggle,предпродажную подготовку какой ассортимент прошел?
2019-12-09 13:40:32,1180,kaggle,прошел весь ассортимент что?
2019-12-09 13:40:32,1181,kaggle,как соображал Мефодий?
2019-12-09 13:40:32,1182,kaggle,соображал Мефодий как?
2019-12-09 13:40:32,1183,kaggle,соображал кто медленно?
2019-12-09 13:40:32,1184,kaggle,любят девочки кого?
2019-12-09 13:40:32,1185,kaggle,любят кого девочки?
2019-12-09 13:40:32,1186,kaggle,кого любят девочки?
2019-12-09 13:40:32,1187,kaggle,как определяется продолжительность занятия?
2019-12-09 13:40:32,1188,kaggle,что определяется индивидуально?
2019-12-09 13:40:32,1189,kaggle,определяется индивидуально что?
2019-12-09 13:40:32,1190,kaggle,индивидуально определяется что?
2019-12-09 13:40:32,1191,kaggle,что бесшумно регулируется?
2019-12-09 13:40:32,1192,kaggle,бесшумно что регулируется?
2019-12-09 13:40:32,1193,kaggle,как шапочка тянется?
2019-12-09 13:40:32,1194,kaggle,шапочка тянется как?
2019-12-09 13:40:32,1195,kaggle,тянется что отлично?
2019-12-09 13:40:32,1196,kaggle,теснят кого мобильщики?
2019-12-09 13:40:32,1197,kaggle,компьютерщиков кто теснит?
2019-12-09 13:40:32,1198,kaggle,пушок сходит как?
2019-12-09 13:40:32,1199,kaggle,сходит хорошо что?
2019-12-09 13:40:32,1200,kaggle,хорошо что сходит?
2019-12-09 13:40:32,1201,kaggle,инженер чем махнул?
2019-12-09 13:40:32,1202,kaggle,махнул инженер чем?
2019-12-09 13:40:32,1203,kaggle,чем инженер махнул?
2019-12-09 13:40:32,1204,kaggle,рукой махнул кто?
2019-12-09 13:40:32,1205,kaggle,что переключает мягко?
2019-12-09 13:40:32,1206,kaggle,мягко что переключает?
2019-12-09 13:40:32,1207,kaggle,имеет щенок что?
2019-12-09 13:40:32,1208,kaggle,менялось что недавно?
2019-12-09 13:40:32,1209,kaggle,чиновник как усмехался?
2019-12-09 13:40:32,1210,kaggle,усмехался кто весело?
2019-12-09 13:40:32,1211,kaggle,женщина обманула кого?
2019-12-09 13:40:32,1212,kaggle,обманула кого женщина?
2019-12-09 13:40:32,1213,kaggle,кто пророка обманул?
2019-12-09 13:40:32,1214,kaggle,обманул пророка кто?
2019-12-09 13:40:32,1215,kaggle,ветерок что уносил?
2019-12-09 13:40:32,1216,kaggle,уносил ветерок что?
2019-12-09 13:40:32,1217,kaggle,уносило туман что?
2019-12-09 13:40:32,1218,kaggle,как страдают работники?
2019-12-09 13:40:32,1219,kaggle,страдают работники как?
2019-12-09 13:40:32,1220,kaggle,страдает всегда кто?
2019-12-09 13:40:32,1221,kaggle,всегда страдает кто?
