user_id,full_name,e-mail,active
0,БЕЛОВ ЮРИЙ РАШИДОВИЧ,golden972@gmail.com,True
1,ЛАРИНА ГУЛЬНАРА ПЕТРОВНА,diatribe88@gmail.com,True
2,КОВАЛЕНКО ИЛЬЯ ПЕТРОВИЧ,vestry@yandex.ru,True
3,МАЛЬЦЕВ ДМИТРИЙ АЛЬБЕРТОВИЧ,known27@mail.ru,True
4,САФОНОВА АЛИНА АНТОНОВНА,superstitious7@list.ru,True
5,ПЛАТОНОВА МАРИНА СЕРГЕЕВНА,panjandrum7@gmail.com,True
6,РЫБАКОВ РАШИД РАИСОВИЧ,Cooke88@gmail.com,True
7,ОРЛОВА АЛЕНА ГЕННАДЬЕВНА,Waterhouse1@yandex.ru,True
8,СУВОРОВА ТАМАРА ВЯЧЕСЛАВОВНА,mitosis32@mail.ru,True
9,МЕДВЕДЕВА АЛИСА ИВАНОВНА,flee422@gmail.com,True
10,ПОЛЯКОВ АСЛАН КОНСТАНТИНОВИЧ,embroider8@yandex.ru,True
11,ГРОМОВА АРИНА ВАЛЕНТИНОВНА,Chisholm@list.ru,True
12,МАРКИНА ЮЛИЯ КИРИЛЛОВНА,fulfill65@mail.ru,True
13,ЖУРАВЛЕВ ВЯЧЕСЛАВ МАРАТОВИЧ,Poincare@list.ru,True
14,МИТРОФАНОВ АРТУР ВАЛЕНТИНОВИЧ,scramble809@yandex.ru,True
15,ПЛОТНИКОВ РУСТЕМ РУСЛАНОВИЧ,Kepler8@mail.ru,True
16,КОЖЕВНИКОВА ЛУИЗА СЕМЕНОВНА,acetaminophen4@yandex.ru,True
17,ПАНИН ДМИТРИЙ РУСЛАНОВИЧ,avocate@yandex.ru,True
18,АГЕЕВА ЭЛИНА МАРАТОВНА,Gleason@yandex.ru,True
19,ФЕДОРОВ КОНСТАНТИН ЕВГЕНЬЕВИЧ,whereof1@mail.ru,True
20,АНТИПОВ СЕМЕН ВЯЧЕСЛАВОВИЧ,Vietnamese@gmail.com,True
21,ТРОФИМОВ СЕМЕН ГЕННАДЬЕВИЧ,Baltic5@gmail.com,True
22,РУБЦОВА АЛЕКСАНДРА АЛЕКСЕЕВНА,director@mail.ru,True
23,КРЫЛОВ ИЛЬШАТ ЭДУАРДОВИЧ,hierarchy88@yandex.ru,True
24,САМОЙЛОВА РЕГИНА АЛИЕВНА,releasable69@gmail.com,True
25,ТИМОФЕЕВА СОФЬЯ АНДРЕЕВНА,kidnapping@gmail.com,True
26,ПОЛЯКОВ ПЁТР МАКСИМОВИЧ,permutation1@mail.ru,True
27,ЕРШОВ ДАНИЛ РАШИДОВИЧ,destruct2@mail.ru,True
28,ГОРШКОВА АЛЬФИЯ АЛЕКСЕЕВНА,thundercloud@mail.ru,True
29,КОЗЛОВ ЛЕОНИД ДМИТРИЕВИЧ,spec519@list.ru,True
30,ИВАНОВА ЭЛЬМИРА ТИМОФЕЕВНА,Rubaiyat9@yandex.ru,True
31,ГОРБАЧЕВА АЛИЯ ФЕДОРОВНА,Hanson04@yandex.ru,True
32,НАЗАРОВ ГЕРМАН АРКАДЬЕВИЧ,ecstasy986@list.ru,True
33,ДМИТРИЕВ АЛИК ВИКТОРОВИЧ,treachery@yandex.ru,True
34,ЖУРАВЛЕВА ЛИАНА АНТОНОВНА,Durkin8@yandex.ru,True
35,ЛЕОНТЬЕВ РАМИЛЬ МАГОМЕДОВИЧ,chickadee@mail.ru,True
36,МОРОЗОВА МАЙЯ ВАЛЕРИЕВНА,oriole75@list.ru,True
37,ЗОРИНА ЛЮДМИЛА РУСЛАНОВНА,glandular@mail.ru,True
38,ЮДИНА АЛЕСЯ РОМАНОВНА,pool@yandex.ru,True
39,РОМАНОВА АЛЁНА РАШИДОВНА,gigantic868@yandex.ru,True
40,КАРПОВ АСЛАН ВИКТОРОВИЧ,shield14@gmail.com,True
41,ЛАРИОНОВА ФАРИДА ГАВРИЛОВНА,Rockland@yandex.ru,True
42,КОСТИН ПЁТР ИВАНОВИЧ,tumble06@list.ru,True
43,СПИРИДОНОВА ЗАРИНА ГАВРИЛОВНА,catenate65@yandex.ru,True
44,МАРКИНА КРИСТИНА ПАВЛОВНА,watch7@mail.ru,True
45,КОСТИНА ЭЛЛА РАФИКОВНА,boreal15@yandex.ru,True
46,ЕМЕЛЬЯНОВ ПАВЕЛ ЛЕОНИДОВИЧ,transplant86@list.ru,True
47,КУЛИКОВА НАТАЛЬЯ РАФИКОВНА,aerial6@gmail.com,True
48,ТКАЧЕНКО РАИСА ПАВЛОВНА,vermin30@yandex.ru,True
49,КАЗАНЦЕВ ВЛАДИМИР КОНСТАНТИНОВИЧ,controversy@list.ru,True
50,СИДОРОВА ГУЛЬНАЗ ВАЛЕНТИНОВНА,wive3@list.ru,True
51,ФИЛИМОНОВА ИНЕССА ГРИГОРЬЕВНА,jugging14@list.ru,True
52,ГРОМОВА ЭЛЕОНОРА ИВАНОВНА,botulism374@gmail.com,True
53,ТРОФИМОВ АЛИК МАГОМЕДОВИЧ,anywhere962@mail.ru,True
54,ХОХЛОВА ВАРВАРА АРТУРОВНА,Alcoa28@gmail.com,True
55,КОРОТКОВА РАИСА СЕМЕНОВНА,avalanche@mail.ru,True
56,САВЕЛЬЕВ АНДРЕЙ АРТУРОВИЧ,debugger184@mail.ru,True
57,ЕФРЕМОВ ШАМИЛЬ БОРИСОВИЧ,Ida9@yandex.ru,True
58,ЮДИНА АЛЕВТИНА ДМИТРИЕВНА,Plato@mail.ru,True
59,ШЕВЧЕНКО СВЕТЛАНА ИЛЬИНИЧНА,rosebush@gmail.com,True
60,КОНДРАТЬЕВ АЛЕКСЕЙ РАВИЛЬЕВИЧ,demoniac20@mail.ru,True
61,РЯБОВ ПЁТР ЛЬВОВИЧ,ammonia@gmail.com,True
62,АГЕЕВА ЗУХРА ВИТАЛЬЕВНА,infusion54@mail.ru,True
63,АФАНАСЬЕВ СЕМЕН МАГОМЕДОВИЧ,Arthur@mail.ru,True
64,АКИМОВА ГАЛИНА ВЕНИАМИНОВНА,Weierstrass@yandex.ru,True
65,СМИРНОВ МАРСЕЛЬ КОНСТАНТИНОВИЧ,amphibious@gmail.com,True
66,КОНСТАНТИНОВА ЕВГЕНИЯ ВАДИМОВНА,Goethe4@mail.ru,True
67,САФРОНОВ ДАНИЛ РУДОЛЬФОВИЧ,frontage34@list.ru,True
68,ВОЛКОВ ЯРОСЛАВ ГЕОРГИЕВИЧ,wingspan264@yandex.ru,True
69,ФОМИНА АЛИСА ДМИТРИЕВНА,abolition@list.ru,True
70,КИРИЛЛОВА НАИЛЯ СТАНИСЛАВОВНА,extractor@yandex.ru,True
71,ТОКАРЕВ ЯН РАФАИЛОВИЧ,soupy116@mail.ru,True
72,МИХАЙЛОВ ДАМИР ФАРИТОВИЧ,mixup983@mail.ru,True
73,ГРОМОВА МАРИНА ДАМИРОВНА,ho27@yandex.ru,True
74,ГРАЧЕВА ОЛЕСЯ ЕФИМОВНА,twirl55@yandex.ru,True
75,ЕРЕМЕЕВА СОФИЯ ДАНИЛОВНА,Lipscomb942@yandex.ru,True
76,САВЕЛЬЕВ КАРЕН ГЕННАДЬЕВИЧ,slake@list.ru,True
77,ПОТАПОВ ГЕННАДИЙ ЮРЬЕВИЧ,ambush9@gmail.com,True
78,ВОРОБЬЕВА ЛАРИСА АРТУРОВНА,Tyson05@gmail.com,True
79,МИХАЙЛОВА ФАТИМА ВАЛЕРИЕВНА,Tobago47@list.ru,True
80,СЕЛЕЗНЕВА ЛУИЗА РАВИЛЬЕВНА,prolate5@list.ru,True
81,ЦВЕТКОВ ВИКТОР СТЕПАНОВИЧ,panicked07@list.ru,True
82,БЕЛОВ КАРЕН КОНСТАНТИНОВИЧ,Budapest@list.ru,True
83,ГРОМОВ ЯРОСЛАВ НИКОЛАЕВИЧ,southern5@gmail.com,True
84,ХОХЛОВА АНЖЕЛИКА РУДОЛЬФОВНА,clandestine@list.ru,True
85,ЗАЙЦЕВА ОКСАНА ИВАНОВНА,pygmy@yandex.ru,True
86,ИЛЬИН БОРИС СТАНИСЛАВОВИЧ,bacon86@list.ru,True
87,БЛИНОВА ЭЛЬВИРА ВЕНИАМИНОВНА,Pyongyang@yandex.ru,True
88,ТЮРИНА МАРИАННА СТЕПАНОВНА,intercept5@mail.ru,True
89,ЛОБАНОВ ЕВГЕНИЙ ИОСИФОВИЧ,vasoconstriction75@gmail.com,True
90,ЦВЕТКОВ ТИМОФЕЙ АЛЕКСЕЕВИЧ,pilgrimage03@mail.ru,True
91,ИБРАГИМОВА АНГЕЛИНА СТАНИСЛАВОВНА,perhaps@list.ru,True
92,БОНДАРЕВ ТИМУР РОБЕРТОВИЧ,met65@list.ru,True
93,НЕКРАСОВА АНАСТАСИЯ ДАМИРОВНА,embouchure144@gmail.com,True
94,САФОНОВ АШОТ ГЕННАДЬЕВИЧ,Pliny@gmail.com,True
95,СОБОЛЕВА ВЕНЕРА БОРИСОВНА,o'er945@gmail.com,True
96,ЗОТОВА ЭММА РОМАНОВНА,Jovanovich07@list.ru,True
97,ОВЧИННИКОВА ЕВГЕНИЯ ВИТАЛЬЕВНА,provision245@mail.ru,True
98,ВЛАДИМИРОВА РОЗА РАФИКОВНА,Virgil522@gmail.com,True
99,ИСАКОВ ЮРИЙ ИГОРЕВИЧ,lovebird24@mail.ru,True
100,НОВИКОВ АЗАТ ВЯЧЕСЛАВОВИЧ,windbreak1@list.ru,True
101,КИСЕЛЕВА ЛАРИСА ПЕТРОВНА,bloodstain148@yandex.ru,True
102,РУБЦОВА ЛИДИЯ СЕРГЕЕВНА,Loki@list.ru,True
103,АХМЕТОВА ЗАРЕМА ИОСИФОВНА,sick3@gmail.com,True
104,ДЕМИНА ЭЛЕОНОРА ВЯЧЕСЛАВОВНА,inflorescent105@mail.ru,True
105,БОНДАРЕВ АНТОН АЛЬБЕРТОВИЧ,whereas334@list.ru,True
106,МАРТЫНОВА ЗУЛЬФИЯ ВИТАЛЬЕВНА,picky@list.ru,True
107,ТРОФИМОВА ЛУИЗА РАДИКОВНА,fraternal8@list.ru,True
108,НЕСТЕРОВ ГЕННАДИЙ АШОТОВИЧ,condolence69@gmail.com,True
109,ЧИСТЯКОВА ЭЛИНА РАВИЛЕВНА,bipartisan2@yandex.ru,True
110,КОВАЛЕНКО ГЕРМАН ФЁДОРОВИЧ,Inca@list.ru,True
111,САВЧЕНКО РИНАТ ВИТАЛЬЕВИЧ,tropospheric27@gmail.com,True
112,ГОРБУНОВА ЭЛЕОНОРА ВЛАДИМИРОВНА,effaceable@mail.ru,True
113,СЕЛЕЗНЕВА ЛИЛИЯ ВИТАЛЬЕВНА,Montenegrin67@list.ru,True
114,МУХИН МАРАТ ВАЛЕНТИНОВИЧ,birthplace@gmail.com,True
115,КОСТИНА ЕЛЕНА СЕРГЕЕВНА,Pict@list.ru,True
116,ПАНОВ СЕРГЕЙ ВЛАДИСЛАВОВИЧ,Tuttle69@list.ru,True
117,ПЛАТОНОВА КСЕНИЯ РАМАЗАНОВНА,phenyl@mail.ru,True
118,ТИХОНОВА УЛЬЯНА СЕМЕНОВНА,hellebore295@yandex.ru,True
119,БОРИСОВА АСИЯТ РАВИЛЬЕВНА,Lundquist48@list.ru,True
120,ТЮРИНА ЭЛЛА ГЕРМАНОВНА,Atwater62@gmail.com,True
121,КИСЕЛЕВ ИГОРЬ ФЕДОРОВИЧ,epidermic1@yandex.ru,True
122,СУВОРОВА АЛЬБИНА НАИЛЕВНА,knack5@yandex.ru,True
123,КИМ ИРАИДА АНАТОЛЬЕВНА,penitentiary7@list.ru,True
124,ЛИТВИНОВ МАРК КОНСТАНТИНОВИЧ,umbrella@yandex.ru,True
125,УЛЬЯНОВ ВАЛЕРИЙ ВЛАДИМИРОВИЧ,hubbub1@list.ru,True
126,УСТИНОВ ЛЕВ ИБРАГИМОВИЧ,toccata44@mail.ru,True
127,НИКИТИН ИВАН ЭДУАРДОВИЧ,glucose9@yandex.ru,True
128,УСТИНОВ ТАРАС ВЯЧЕСЛАВОВИЧ,uproarious302@list.ru,True
129,МАМЕДОВА ИННА РАВИЛЕВНА,isotope1@gmail.com,True
130,СЕМЕНОВ РАДИК ЮРЬЕВИЧ,gosling@gmail.com,True
131,МАКАРОВА МАРГАРИТА ЭДУАРДОВНА,beside2@yandex.ru,True
132,КАЛИНИНА НАДЕЖДА БОРИСОВНА,impelling81@gmail.com,True
133,ЛАЗАРЕВА ИННА КОНСТАНТИНОВНА,needn't5@yandex.ru,True
134,КОНСТАНТИНОВ РАМИЛЬ БОРИСОВИЧ,domestic463@mail.ru,True
135,КРАВЧЕНКО АЛЬБИНА ЯКОВЛЕВНА,haughty@yandex.ru,True
136,ОРЛОВА ЗОЯ ВАЛЕРЬЕВНА,de96@mail.ru,True
137,ТОКАРЕВ МАРАТ ПЕТРОВИЧ,chew600@yandex.ru,True
138,ЕЛИСЕЕВ АНДРЕЙ ЮРЬЕВИЧ,smart10@mail.ru,True
139,КРЮКОВА ДАРЬЯ РАШИДОВНА,necropsy70@list.ru,True
140,КРЫЛОВА МАРИЯ МАГОМЕДОВНА,petulant@gmail.com,True
141,БЕЛЯЕВ ФИЛИПП ДАМИРОВИЧ,McCoy3@mail.ru,True
142,ТИХОМИРОВ МАРАТ СТАНИСЛАВОВИЧ,perpendicular387@yandex.ru,True
143,ЛАРИОНОВА КАРИНА МАРАТОВНА,osmosis682@list.ru,True
144,ОРЛОВА ДИНА ВИКТОРОВНА,anomalous93@gmail.com,True
145,ФАДЕЕВ ЗАУР ВАЛЕНТИНОВИЧ,forgather6@list.ru,True
146,ЖУРАВЛЕВ ИЛЬЯ ИЛЬДАРОВИЧ,maniacal3@yandex.ru,True
147,ГРОМОВА ИЛЬМИРА ГАВРИЛОВНА,diagnostic637@list.ru,True
148,ЦВЕТКОВА ВИКТОРИЯ РАДИКОВНА,stocky@yandex.ru,True
149,МИХЕЕВ ПЁТР ФЁДОРОВИЧ,circuit02@gmail.com,True
150,ФЕДОТОВ МУРАТ АНВАРОВИЧ,whit672@list.ru,True
151,ТЕРЕНТЬЕВА ДАРЬЯ МАРАТОВНА,breathe64@yandex.ru,True
152,ПАНОВА ФАТИМА РАШИДОВНА,canny544@gmail.com,True
153,КНЯЗЕВ НАИЛЬ ИОСИФОВИЧ,militant576@list.ru,True
154,КУЗЬМИНА АЙГУЛЬ ИГОРЕВНА,graduate00@mail.ru,True
155,КОВАЛЕНКО АРКАДИЙ ИОСИФОВИЧ,stifle555@gmail.com,True
156,ЕФИМОВА ЛУИЗА АЛЬБЕРТОВНА,axial297@list.ru,True
157,ЦВЕТКОВ РИНАТ РАВИЛЕВИЧ,Sibley69@mail.ru,True
158,ОВСЯННИКОВА ИЛЬМИРА АРКАДЬЕВНА,aileron@mail.ru,True
159,КАЗАКОВ ЛЕОНИД ЮРЬЕВИЧ,press50@yandex.ru,True
160,ЕЛИСЕЕВ МАГОМЕД АЛЕКСЕЕВИЧ,eardrum5@gmail.com,True
161,УСТИНОВА АНТОНИНА ДАМИРОВНА,transplant004@list.ru,True
162,ЮДИН ШАМИЛЬ ВАДИМОВИЧ,Wyoming957@list.ru,True
163,БЛИНОВА АНЖЕЛА АЛЬБЕРТОВНА,hypocritic9@gmail.com,True
164,МЕЛЬНИКОВ АЗАТ ИЛЬДАРОВИЧ,irremediable599@gmail.com,True
165,ЖУКОВА ЛАРИСА ДАНИЛОВНА,control237@mail.ru,True
166,МЕДВЕДЕВА ЮЛИЯ РУДОЛЬФОВНА,literal@yandex.ru,True
167,ИВАНОВ РОМАН ГЕННАДЬЕВИЧ,prostitution375@yandex.ru,True
168,КУЗНЕЦОВ СТАНИСЛАВ ЮРЬЕВИЧ,indoor15@yandex.ru,True
169,ПОНОМАРЕВ СВЯТОСЛАВ ФАРИТОВИЧ,twitch@list.ru,True
170,ЕФИМОВ ЭДУАРД ЕГОРОВИЧ,revive7@mail.ru,True
171,УСТИНОВ МАРАТ ПАВЛОВИЧ,Blenheim004@mail.ru,True
172,ЛЕБЕДЕВ РОДИОН АРТУРОВИЧ,fury68@mail.ru,True
173,РУМЯНЦЕВ АРТЁМ РАИСОВИЧ,Southey@mail.ru,True
174,ИБРАГИМОВ РАДИК ВАЛЕРИЕВИЧ,dustbin47@yandex.ru,True
175,ФОКИНА ЗУЛЬФИЯ ЕГОРОВНА,nickname@yandex.ru,True
176,ЮСУПОВ ТИМОФЕЙ РУСТАМОВИЧ,emissary@mail.ru,True
177,ПЕТУХОВА АННА АФАНАСЬЕВНА,Caviness20@list.ru,True
178,МАГОМЕДОВ ВЛАДИМИР МАКСИМОВИЧ,oilseed4@yandex.ru,True
179,КУЗНЕЦОВ ИЛЬДАР РУСЛАНОВИЧ,comatose956@gmail.com,True
180,АНТИПОВ АЛЬБЕРТ АШОТОВИЧ,secretarial66@gmail.com,True
181,ЛЕОНОВ РАФАЭЛЬ РАФИКОВИЧ,bit687@list.ru,True
182,ИСАКОВ СЕМЕН РАИСОВИЧ,signpost@gmail.com,True
183,ТРОФИМОВА КИРА РАИСОВНА,belvedere@gmail.com,True
184,ЖУРАВЛЕВА АЛЕКСАНДРА ТИМОФЕЕВНА,abscissa13@mail.ru,True
185,МИШИН ПАВЕЛ СТАНИСЛАВОВИЧ,risk@yandex.ru,True
186,БЫЧКОВА ЗИНАИДА ИЛЬИНИЧНА,Hughes@list.ru,True
187,УСТИНОВ РЕНАТ АНТОНОВИЧ,tuxedo@list.ru,True
188,СИМОНОВ РАВИЛЬ ГРИГОРЬЕВИЧ,spleen75@list.ru,True
189,ЧЕРЕПАНОВ АЗАТ ВАЛЕРИЕВИЧ,anastomosis78@list.ru,True
190,ТЕРЕХОВ АСЛАН РАДИКОВИЧ,lair@mail.ru,True
191,ИГНАТОВА ВАЛЕРИЯ МАНСУРОВНА,Lennox560@list.ru,True
192,СОКОЛОВА ЭЛЛА РАМИЛЕВНА,neutron0@gmail.com,True
193,ЛУКЬЯНОВ РУСТЕМ ВАДИМОВИЧ,actuarial916@yandex.ru,True
194,САВИН ВЛАДИМИР РАВИЛЕВИЧ,mercurial@mail.ru,True
195,ЧЕРЕПАНОВ РОБЕРТ ЯКОВЛЕВИЧ,irresolvable@list.ru,True
196,АВДЕЕВ АСЛАН ФЕДОРОВИЧ,dreg7@gmail.com,True
197,ЖУКОВ АНДРЕЙ ЯКОВЛЕВИЧ,McClain82@list.ru,True
198,МЕДВЕДЕВ ДМИТРИЙ ЯКОВЛЕВИЧ,psychology@yandex.ru,True
199,ТАРАСОВА АНЖЕЛИКА ВЛАДИСЛАВОВНА,odometer03@list.ru,True
200,ЕРШОВ СТЕПАН ГЕРМАНОВИЧ,Lund7@list.ru,True
201,АКСЕНОВА АЛИНА ЕВГЕНЬЕВНА,mart780@gmail.com,True
202,ИГНАТЬЕВ СТЕПАН ВЛАДИСЛАВОВИЧ,medal@list.ru,True
203,НЕКРАСОВ АЛМАЗ СТЕПАНОВИЧ,anybody'd7@gmail.com,True
204,АРХИПОВ САМВЕЛ ВЛАДИМИРОВИЧ,elevate940@list.ru,True
205,ФИЛИППОВ ГЛЕБ АЛЬБЕРТОВИЧ,caretaker0@yandex.ru,True
206,МУХИН ПЁТР ВЯЧЕСЛАВОВИЧ,solenoid@list.ru,True
207,ПРОНИНА СОФИЯ ВАЛЕНТИНОВНА,Sinai1@mail.ru,True
208,КРАВЦОВА АЛСУ РОМАНОВНА,embedding5@gmail.com,True
209,ГУСЕЙНОВ ПЁТР АШОТОВИЧ,preachy976@gmail.com,True
210,БОНДАРЕВ АНАТОЛИЙ ПАВЛОВИЧ,analgesic05@mail.ru,True
211,БЕЛЯКОВ ИВАН РАВИЛЬЕВИЧ,gaiety547@mail.ru,True
212,САФРОНОВА АЛСУ ИЛЬИНИЧНА,slam95@yandex.ru,True
213,САЛЬНИКОВА ЛЮДМИЛА ГАВРИЛОВНА,washbowl@gmail.com,True
214,ОВЧИННИКОВА ЮЛИЯ МАКСИМОВНА,dingy094@mail.ru,True
215,АГАФОНОВА НИНА ФЕДОРОВНА,coil@mail.ru,True
216,ТРИФОНОВА НАДЕЖДА РИНАТОВНА,carcinogenic314@yandex.ru,True
217,РЯБОВА АЛИЯ ЛЕОНИДОВНА,wafer2@gmail.com,True
218,ЧЕРНЫШЕВА МАЙЯ АРТУРОВНА,horsefly@list.ru,True
219,ДАНИЛОВА ЕКАТЕРИНА ЕВГЕНЬЕВНА,yapping@mail.ru,True
220,ГОРБУНОВА СОФИЯ МУХАМЕДОВНА,pellagra@mail.ru,True
221,РУМЯНЦЕВА АЛИСА ДМИТРИЕВНА,horseshoe9@gmail.com,True
222,НИКИТИН ВАДИМ ВАСИЛЬЕВИЧ,Charon@gmail.com,True
223,НИКОЛАЕВА ВЕРА ЭДУАРДОВНА,loge581@yandex.ru,True
224,КУЗИНА КРИСТИНА ТИМОФЕЕВНА,Kathleen@list.ru,True
225,НАУМОВА ЛЮДМИЛА ИГОРЕВНА,Pete06@gmail.com,True
226,ВОРОНОВА МАРИЯ ТИМОФЕЕВНА,Krishna65@mail.ru,True
227,БОБРОВА РИММА АНВАРОВНА,airfield3@mail.ru,True
228,ЛЕВИНА АЛЕНА МИХАЙЛОВНА,Barbour41@gmail.com,True
229,КАРИМОВ МАКСИМ РУДОЛЬФОВИЧ,humidify92@yandex.ru,True
230,ЖУКОВ СЕРГЕЙ ВАДИМОВИЧ,compendia1@gmail.com,True
231,КРАСНОВА АЛЕСЯ АРТУРОВНА,sonorant358@gmail.com,True
232,САФРОНОВА АНАСТАСИЯ АРКАДЬЕВНА,compile@gmail.com,True
233,НЕКРАСОВ ЯРОСЛАВ МАГОМЕДОВИЧ,silky5@list.ru,True
234,БЕЛОУСОВ РОМАН ТИМОФЕЕВИЧ,Klein561@list.ru,True
235,ШЕВЧЕНКО НАДЕЖДА НИКОЛАЕВНА,wiseacre682@gmail.com,True
236,КУЗНЕЦОВ ГРИГОРИЙ МАРАТОВИЧ,vile93@mail.ru,True
237,СЕЛЕЗНЕВА ЭЛЬМИРА ВАЛЕРИЕВНА,chartreuse@gmail.com,True
238,ЖУКОВА АЛИЯ ВАСИЛЬЕВНА,apple@gmail.com,True
239,ШАКИРОВА ИННА ИВАНОВНА,affiance40@mail.ru,True
240,ШЕВЧЕНКО СТАНИСЛАВ МАНСУРОВИЧ,alkali4@gmail.com,True
241,ОВЧИННИКОВА ЛИАНА АРТУРОВНА,sick@gmail.com,True
242,ПОПОВ СВЯТОСЛАВ МАКСИМОВИЧ,paroxysm099@mail.ru,True
243,ПАХОМОВ РУСЛАН ВАЛЕРИЕВИЧ,talisman7@gmail.com,True
244,КАЗАКОВА МАРИНА РАМАЗАНОВНА,scandal41@mail.ru,True
245,ЖУКОВА ГАЛИНА РОМАНОВНА,Elmer52@gmail.com,True
246,ГОРБУНОВА ЭММА ВЕНИАМИНОВНА,Binghamton919@gmail.com,True
247,МАТВЕЕВ ТИМОФЕЙ МАКСИМОВИЧ,twirly848@mail.ru,True
248,ОРЛОВА ИННА ФЕДОРОВНА,soccer64@list.ru,True
249,ДМИТРИЕВ ОЛЕГ ВАЛЕНТИНОВИЧ,butterfly279@yandex.ru,True
250,БЫЧКОВА ТАИСИЯ СЕМЕНОВНА,cogent4@gmail.com,True
251,АКИМОВА АЛИЯ ИЛЬДАРОВНА,tungsten4@gmail.com,True
252,ГОНЧАРОВА ИРАИДА РАВИЛЬЕВНА,shrimp9@yandex.ru,True
253,ЛАРИОНОВ ИЛЬДАР НАИЛЕВИЧ,Spica@mail.ru,True
254,РОМАНОВА АЛЬБИНА ЛЕОНИДОВНА,expedite1@mail.ru,True
255,КАЗАКОВ ВАЛЕРИЙ ГЕРМАНОВИЧ,foulmouth935@list.ru,True
256,ЗУБКОВА УЛЬЯНА РАВИЛЬЕВНА,descant96@gmail.com,True
257,ЛАРИН РУСЛАН ПЕТРОВИЧ,furl12@mail.ru,True
258,ПЕТУХОВА АНТОНИНА АРКАДЬЕВНА,sinter1@yandex.ru,True
259,АНДРЕЕВА ЗУЛЬФИЯ МИХАЙЛОВНА,jonquil1@mail.ru,True
260,ЗУБКОВА ЗАРЕМА АНДРЕЕВНА,proven571@list.ru,True
261,КНЯЗЕВ ВАСИЛИЙ АНДРЕЕВИЧ,Mackey2@list.ru,True
262,ЗАРИПОВА ВАРВАРА РАВИЛЬЕВНА,dragonfly877@list.ru,True
263,ПЕТРЕНКО РОЗА ГЕННАДИЕВНА,systematic3@list.ru,True
264,ПОНОМАРЕВ АРСЕН АНВАРОВИЧ,sell1@list.ru,True
265,ПОЛЯКОВА ЮЛИЯ ЕВГЕНЬЕВНА,flutter09@yandex.ru,True
266,СИДОРОВ РАДИК АНДРЕЕВИЧ,Dortmund3@yandex.ru,True
267,САЛЬНИКОВА РИТА СТАНИСЛАВОВНА,vandal8@gmail.com,True
268,САВИНА АЛЕНА ВАЛЕРИЕВНА,Lindberg@yandex.ru,True
269,МАГОМЕДОВА КСЕНИЯ АНАТОЛЬЕВНА,counterproductive@yandex.ru,True
270,ЕФИМОВ МАРАТ АНТОНОВИЧ,dell4@mail.ru,True
271,КОЖЕВНИКОВ СВЯТОСЛАВ АНАТОЛЬЕВИЧ,wartime@gmail.com,True
272,ПАНОВ МУРАТ СЕМЕНОВИЧ,spandrel77@mail.ru,True
273,ЖУРАВЛЕВА РОЗА АЛИЕВНА,perchance@mail.ru,True
274,ПРОКОФЬЕВА АЛЕСЯ РОБЕРТОВНА,nitrite54@list.ru,True
275,КУЗИНА АИДА ВЕНИАМИНОВНА,affirmation@mail.ru,True
276,ЩЕРБАКОВА ГАЛИЯ ЕФИМОВНА,downcast446@list.ru,True
277,АНДРЕЕВА НАТАЛИЯ БОРИСОВНА,nude6@gmail.com,True
278,ОСИПОВ СТЕПАН МИХАЙЛОВИЧ,phenomena57@mail.ru,True
279,ШЕВЧЕНКО СОФЬЯ ИГОРЕВНА,expositor66@list.ru,True
280,САДЫКОВА ЗИНАИДА ЕФИМОВНА,Evanston9@list.ru,True
281,ТИМОФЕЕВ ИВАН ВЯЧЕСЛАВОВИЧ,silverware97@list.ru,True
282,ЛАРИНА ЕВГЕНИЯ МАНСУРОВНА,modem11@mail.ru,True
283,ЯКОВЛЕВА СНЕЖАНА ВАЛЕРЬЕВНА,couch429@list.ru,True
284,БЕЛЯЕВ ЗАУР АНДРЕЕВИЧ,fur8@list.ru,True
285,РУМЯНЦЕВА ИРИНА ЕВГЕНЬЕВНА,highlight@gmail.com,True
286,ЩЕРБАКОВ АРТУР МАКСИМОВИЧ,Georgetown@mail.ru,True
287,РОЖКОВ СЕРГЕЙ АНДРЕЕВИЧ,GM67@yandex.ru,True
288,САФРОНОВА МАДИНА НИКОЛАЕВНА,journeymen070@yandex.ru,True
289,МАЙОРОВА МАДИНА ВАЛЕРИЕВНА,candlewick@yandex.ru,True
290,СУББОТИНА ЗАРЕМА КОНСТАНТИНОВНА,item8@list.ru,True
291,УЛЬЯНОВ ЛЕВ МАКСИМОВИЧ,heroin2@gmail.com,True
292,ЛЫСЕНКО НИКОЛАЙ РАШИДОВИЧ,avert644@yandex.ru,True
293,ФЕДОТОВ ОЛЕГ ИБРАГИМОВИЧ,inviolate9@yandex.ru,True
294,ГРАЧЕВА ИЛЬМИРА СЕМЕНОВНА,epsilon755@list.ru,True
295,ДАВЫДОВА АЛИСА ИЛЬИНИЧНА,difficulty075@gmail.com,True
296,ВОРОБЬЕВА РИММА ГАВРИЛОВНА,osprey3@gmail.com,True
297,КУЗИН ГЕННАДИЙ РАДИКОВИЧ,impassable9@yandex.ru,True
298,ЗВЕРЕВА СНЕЖАНА ГЕННАДИЕВНА,advert@yandex.ru,True
299,ШАКИРОВ РОМАН ИВАНОВИЧ,splice1@yandex.ru,True
300,ЛУКИН ВАЛЕНТИН КОНСТАНТИНОВИЧ,kit00@gmail.com,True
301,ПАНОВА ИРИНА АНАТОЛЬЕВНА,stater2@yandex.ru,True
302,ГУСЕЙНОВ ТАРАС ИЛЬИЧ,shopworn2@list.ru,True
303,КУДРЯВЦЕВА ЛЕЙЛА РОМАНОВНА,Everhart730@mail.ru,True
304,КОВАЛЕВА АЛЬБИНА ФАРИТОВНА,you'd@gmail.com,True
305,ДАНИЛОВ ДМИТРИЙ ВАСИЛЬЕВИЧ,defensible@mail.ru,True
306,ТРЕТЬЯКОВА ОЛЕСЯ ГРИГОРЬЕВНА,travesty483@gmail.com,True
307,СИМОНОВА ЛЮДМИЛА НАИЛЕВНА,hangable5@yandex.ru,True
308,КУЛАКОВ ИГОРЬ ПЕТРОВИЧ,apostolic416@gmail.com,True
309,КАЗАНЦЕВ ДЕНИС ЭДУАРДОВИЧ,negotiate50@yandex.ru,True
310,МЕДВЕДЕВА ГАЛИНА РАШИТОВНА,earl744@gmail.com,True
311,МАРКИНА РАИСА ГАВРИЛОВНА,adventitious69@mail.ru,True
312,ФОКИНА ЗАРЕМА ГРИГОРЬЕВНА,mitten6@mail.ru,True
313,БОГДАНОВА СОФИЯ ИЛЬИНИЧНА,Nero59@gmail.com,True
314,САФОНОВ ЕГОР КОНСТАНТИНОВИЧ,Saskatoon322@mail.ru,True
315,КРЮКОВА РОЗА ВЯЧЕСЛАВОВНА,Midwestern63@gmail.com,True
316,ЛЫСЕНКО ЛЮБОВЬ ГРИГОРЬЕВНА,Mildred8@mail.ru,True
317,ШАПОВАЛОВА ГУЛЬНАЗ ВАДИМОВНА,Engel@list.ru,True
318,МАГОМЕДОВА ИНЕССА РАМИЛЕВНА,horoscope@mail.ru,True
319,КОНДРАТЬЕВА ЛАРИСА ХАСАНОВНА,bub73@mail.ru,True
320,ЧЕРНЫХ ЭЛЬВИРА ВАСИЛЬЕВНА,TX639@mail.ru,True
321,ТИМОФЕЕВА АНАСТАСИЯ ЕВГЕНЬЕВНА,saxophone7@gmail.com,True
322,ЕРМОЛАЕВА МАДИНА ПЕТРОВНА,supervene15@gmail.com,True
323,АНИСИМОВ МАРК МИХАЙЛОВИЧ,suffragette85@gmail.com,True
324,ТРОФИМОВ НИКОЛАЙ МАГОМЕДОВИЧ,perceptible@gmail.com,True
325,КОНСТАНТИНОВА ДИНАРА ВЕНИАМИНОВНА,titillate050@gmail.com,True
326,АНИСИМОВ ГЕОРГИЙ АРКАДЬЕВИЧ,this787@gmail.com,True
327,ЗУЕВ РАВИЛЬ ФАРИТОВИЧ,chute20@mail.ru,True
328,АРХИПОВА ЮЛИЯ ГАВРИЛОВНА,plenipotentiary799@list.ru,True
329,ФОМИНА УЛЬЯНА ВИКТОРОВНА,eardrum2@mail.ru,True
330,АЛЕКСЕЕВ АРКАДИЙ ВЛАДИСЛАВОВИЧ,greet3@mail.ru,True
331,ТОКАРЕВА АЛЬБИНА СЕМЕНОВНА,rubric556@list.ru,True
332,ШИШКИН АРТУР АЛЕКСАНДРОВИЧ,table@list.ru,True
333,СЕРГЕЕВА АСИЯТ ГРИГОРЬЕВНА,Eleanor5@yandex.ru,True
334,КУЗНЕЦОВА МАДИНА МИХАЙЛОВНА,negate770@yandex.ru,True
335,КОЗЛОВ ЕВГЕНИЙ РАДИКОВИЧ,evildoer553@gmail.com,True
336,ТЕРЕХОВА КИРА РАВИЛЕВНА,puppet40@yandex.ru,True
337,СЕРГЕЕВ АРМЕН МАГОМЕДОВИЧ,freakish137@list.ru,True
338,ВОРОБЬЕВА НАТАЛЬЯ АЛЕКСЕЕВНА,Liechtenstein1@mail.ru,True
339,ТАРАСОВА ЛУИЗА АНДРЕЕВНА,Edwardine52@list.ru,True
340,КОСТИНА ТАМАРА ВАЛЕРИЕВНА,on745@gmail.com,True
341,КАЗАНЦЕВА ЭЛЕОНОРА ИОСИФОВНА,priest@gmail.com,True
342,ГУСЕЙНОВ МАРАТ РАШИДОВИЧ,boom5@gmail.com,True
343,ОВЧИННИКОВА ИРАИДА РАФИКОВНА,coltsfoot@mail.ru,True
344,ЛОГИНОВА АЛЕНА РОБЕРТОВНА,bespectacled1@mail.ru,True
345,МАКАРОВА КЛАВДИЯ МУХАМЕДОВНА,swig660@yandex.ru,True
346,МОЛЧАНОВА ЗОЯ НАИЛЕВНА,catkin3@yandex.ru,True
347,БУЛАТОВА НАДЕЖДА ВАЛЕРИЕВНА,lentil514@mail.ru,True
348,ЛОГИНОВА РОЗА ИОСИФОВНА,vermeil84@list.ru,True
349,КИРИЛЛОВ АЛАН РАИСОВИЧ,Sammy856@yandex.ru,True
350,МАРТЫНОВА ДАРЬЯ ВИКТОРОВНА,inapt69@mail.ru,True
351,ФЕДОТОВА ГАЛИЯ РАВИЛЬЕВНА,isotropy577@gmail.com,True
352,РОМАНЕНКО ДИНА АНДРЕЕВНА,evaluate@gmail.com,True
353,КУДРЯВЦЕВ ИВАН АНВАРОВИЧ,waylay6@list.ru,True
354,СЕРГЕЕВ ФИЛИПП РУСЛАНОВИЧ,allegory168@gmail.com,True
355,КАЛИНИНА ЭЛЬМИРА ИННОКЕНТЬЕВНА,lyre@list.ru,True
356,ЗАЙЦЕВА АЛЕНА БОРИСОВНА,riven@list.ru,True
357,КОВАЛЕНКО ЭЛЬЗА ГРИГОРЬЕВНА,brandish@list.ru,True
358,КУЛИКОВ АЗАМАТ КОНСТАНТИНОВИЧ,rapid98@gmail.com,True
359,ЛЕБЕДЕВА ЛИДИЯ ЕГОРОВНА,textual89@mail.ru,True
360,КАЗАНЦЕВА АЛЬБИНА ГЕННАДИЕВНА,November@list.ru,True
361,ЧЕРКАСОВА КИРА НИКОЛАЕВНА,frustum190@yandex.ru,True
362,МАКСИМОВ СВЯТОСЛАВ МАНСУРОВИЧ,statesman68@yandex.ru,True
363,ЯКОВЛЕВ КОНСТАНТИН ВИКТОРОВИЧ,litigant208@mail.ru,True
364,ЗОРИНА ГУЛЬНАЗ ЕГОРОВНА,caloric067@list.ru,True
365,ЕФРЕМОВА МАЙЯ РУДОЛЬФОВНА,motor5@gmail.com,True
366,ГАЛКИН АРСЕН ВИКТОРОВИЧ,Oct46@gmail.com,True
367,ГОЛУБЕВ АНАТОЛИЙ ФЁДОРОВИЧ,delinquent1@mail.ru,True
368,НАЗАРОВА МАРИЯ ИБРАГИМОВНА,venous69@yandex.ru,True
369,ЕЛИСЕЕВ РИНАТ РАДИКОВИЧ,Ifni7@mail.ru,True
370,МАСЛОВ СТЕПАН РИНАТОВИЧ,Portugal50@yandex.ru,True
371,ГАЛКИНА РОЗА ВАДИМОВНА,MacGregor727@gmail.com,True
372,ДРОЗДОВА АЛИЯ ДАМИРОВНА,survival2@yandex.ru,True
373,ФОМИН ИЛЬЯ ФЁДОРОВИЧ,plasm3@mail.ru,True
374,БОГДАНОВА АЛЕНА ВЛАДИМИРОВНА,Apollonian25@yandex.ru,True
375,САЛЬНИКОВА АСИЯТ РАФИКОВНА,alcove@mail.ru,True
376,ЕРМОЛАЕВ АШОТ АНВАРОВИЧ,Arabic1@gmail.com,True
377,АРХИПОВ ПЕТР НИКОЛАЕВИЧ,Garrisonian@gmail.com,True
378,АБРАМОВА ЗАРИНА ВАДИМОВНА,peace625@mail.ru,True
379,СУВОРОВА ИНЕССА МАГОМЕДОВНА,phalanger10@gmail.com,True
380,ФРОЛОВ АЙДАР ВЕНИАМИНОВИЧ,integral7@yandex.ru,True
381,ДЕНИСОВА ЛЕЙЛА РАВИЛЕВНА,ambulatory22@mail.ru,True
382,САМОЙЛОВА ДИНАРА ГЕРМАНОВНА,litmus@list.ru,True
383,БОБРОВА ВЕНЕРА ПАВЛОВНА,aspirin26@list.ru,True
384,КОРОЛЕВ ДАНИЛ ГЕОРГИЕВИЧ,Aldrich475@list.ru,True
385,КАЗАКОВ ФЕДОР ФЕДОРОВИЧ,gravy9@mail.ru,True
386,ФАДЕЕВ ФЕДОР АРКАДЬЕВИЧ,poodle943@yandex.ru,True
387,СИДОРОВ СТЕПАН ВАЛЕНТИНОВИЧ,inexpiable94@mail.ru,True
388,БУЛАТОВА ГУЛЬНАЗ ГЕОРГИЕВНА,Jan149@gmail.com,True
389,МАМЕДОВА АЛЕКСАНДРА ЭДУАРДОВНА,middlemen@yandex.ru,True
390,ФИЛИМОНОВ АЙРАТ РУСЛАНОВИЧ,Gainesville@list.ru,True
391,ЛУКЬЯНОВ АЛЕКСЕЙ МАГОМЕДОВИЧ,Somalia3@yandex.ru,True
392,КУЛАКОВА НЕЛЛИ РАИСОВНА,Grossman78@yandex.ru,True
393,ГАВРИЛОВ ИЛЬДАР ИЛЬДАРОВИЧ,endogamous266@gmail.com,True
394,СЕРГЕЕВ НИКОЛАЙ СЕРГЕЕВИЧ,Armco63@list.ru,True
395,ГОРБАЧЕВ АЛИК ПАВЛОВИЧ,apology@gmail.com,True
396,КОНОВАЛОВ БОРИС АНВАРОВИЧ,ferric5@yandex.ru,True
397,СОРОКИН АЛИК ИБРАГИМОВИЧ,anemone3@list.ru,True
398,ВОЛКОВА АЛСУ ВАСИЛЬЕВНА,innovate89@yandex.ru,True
399,ГАВРИЛОВА ВАРВАРА АНВАРОВНА,Cyclops0@yandex.ru,True
400,ЮДИН КИРИЛЛ ВЯЧЕСЛАВОВИЧ,impelling@list.ru,True
401,ЛИТВИНОВ РУСТАМ РАШИДОВИЧ,Talmudic09@yandex.ru,True
402,ФЕДОТОВ АНДРЕЙ ДАМИРОВИЧ,rotogravure50@mail.ru,True
403,ЕВДОКИМОВА ФАРИДА МУХАМЕДОВНА,Paz1@mail.ru,True
404,КОНДРАТЬЕВА ЛИЛИЯ ВЛАДИСЛАВОВНА,encephalitis5@yandex.ru,True
405,ГОНЧАРОВА СВЕТЛАНА АРТУРОВНА,Levitt739@mail.ru,True
406,ДРОЗДОВА ЮЛИЯ РОБЕРТОВНА,highland8@yandex.ru,True
407,РОЖКОВА АЛЕВТИНА ГЕРМАНОВНА,pernicious1@mail.ru,True
408,МАКАРОВ ЛЕВ ВАЛЕРЬЕВИЧ,transposable7@gmail.com,True
409,КИРЕЕВА ЛИАНА ДАМИРОВНА,supremacy@list.ru,True
410,ЛИТВИНОВА АЛЕНА ВЛАДИСЛАВОВНА,eventuate1@mail.ru,True
411,ЩЕРБАКОВА ЗУЛЬФИЯ ТИМОФЕЕВНА,advertise@yandex.ru,True
412,ЕРЕМИН АРТЕМ ИБРАГИМОВИЧ,absorbent9@list.ru,True
413,ЧЕРНИКОВА РОЗА РОМАНОВНА,hire7@gmail.com,True
414,КРАСНОВ РИНАТ МАГОМЕДОВИЧ,tempera29@mail.ru,True
415,ГОЛОВИН АРТЁМ АШОТОВИЧ,shrunken728@mail.ru,True
416,КУЗИНА КАРИНА ГЕРМАНОВНА,exculpatory66@yandex.ru,True
417,КУЛАКОВ НАИЛЬ ВИТАЛЬЕВИЧ,submittal65@gmail.com,True
418,ЗОТОВ ВАЛЕРИЙ ФАРИТОВИЧ,nomogram@list.ru,True
419,ЕГОРОВА ЭЛЬЗА ГЕННАДИЕВНА,punky@gmail.com,True
420,ЗУЕВА ЭЛЬЗА ЛЕОНИДОВНА,mignon96@yandex.ru,True
421,ЩЕРБАКОВА ЗУХРА ИННОКЕНТЬЕВНА,actual4@list.ru,True
422,ВОРОНИН АСЛАН ГРИГОРЬЕВИЧ,necklace5@gmail.com,True
423,ДЕМИНА КЛАВДИЯ РАШИТОВНА,echidna95@yandex.ru,True
424,ГОРШКОВ ЭДУАРД КОНСТАНТИНОВИЧ,petit@gmail.com,True
425,АЛЕКСАНДРОВА ТАМАРА АФАНАСЬЕВНА,Chile933@yandex.ru,True
426,НИКИФОРОВ АРТЕМ АРКАДЬЕВИЧ,industry0@list.ru,True
427,БАЛАШОВА ГУЛЬНАРА ВАЛЕРЬЕВНА,radar080@list.ru,True
428,САФРОНОВА АСИЯТ ЭДУАРДОВНА,cowpoke7@mail.ru,True
429,КИРЕЕВ АНДРЕЙ РАШИДОВИЧ,courage@yandex.ru,True
430,ПОНОМАРЕВ МАКСИМ ИОСИФОВИЧ,pinscher07@mail.ru,True
431,КОНСТАНТИНОВ АЛИК МАРАТОВИЧ,acceptor@list.ru,True
432,ШЕСТАКОВ ЕВГЕНИЙ РАВИЛЬЕВИЧ,noblemen542@yandex.ru,True
433,САДЫКОВА ТАМАРА МИХАЙЛОВНА,doom@yandex.ru,True
434,ГОРДЕЕВ ОЛЕГ ВИТАЛЬЕВИЧ,Herbert4@list.ru,True
435,ЗОРИН ИЛЬШАТ РУСЛАНОВИЧ,Humphrey79@mail.ru,True
436,САВИН ВЛАДИМИР РАВИЛЕВИЧ,figaro1@mail.ru,True
437,КРЫЛОВА ТАТЬЯНА ЕВГЕНЬЕВНА,cardiology33@list.ru,True
438,СТЕПАНОВ ВИКТОР ВАДИМОВИЧ,Wolff879@yandex.ru,True
439,ЗУБКОВА УЛЬЯНА РАВИЛЬЕВНА,novelty9@list.ru,True
440,КРАВЧЕНКО ВАРВАРА РАВИЛЕВНА,pickoff70@list.ru,True
441,ЦВЕТКОВА МАРИАННА КИРИЛЛОВНА,Vulcan7@mail.ru,True
442,ВОРОБЬЕВ ТИМОФЕЙ СТЕПАНОВИЧ,crazy254@gmail.com,True
443,ИЛЬИН АНАТОЛИЙ ДАМИРОВИЧ,spectrophotometer6@yandex.ru,True
444,БОНДАРЕВ МУРАТ СЕРГЕЕВИЧ,poi963@yandex.ru,True
445,МОРОЗОВА КАРИНА АЛИЕВНА,govern450@list.ru,True
446,ЗОТОВ РАМИЛЬ РУДОЛЬФОВИЧ,focal2@gmail.com,True
447,ГРАЧЕВ ЕВГЕНИЙ НИКОЛАЕВИЧ,pemmican755@mail.ru,True
448,СУВОРОВ МУРАТ ГЕОРГИЕВИЧ,bellum6@mail.ru,True
449,МЕЛЬНИКОВ РОБЕРТ РАИСОВИЧ,dynast@gmail.com,True
450,КИМ ГУЗЕЛЬ ПАВЛОВНА,spunky@yandex.ru,True
451,ВОРОБЬЕВ ЛЕОНИД КОНСТАНТИНОВИЧ,Noetherian61@gmail.com,True
452,ГРИГОРЬЕВ РУСТЕМ ГРИГОРЬЕВИЧ,Hiroshi10@list.ru,True
453,ЮДИН АЗАТ НИКОЛАЕВИЧ,laze857@mail.ru,True
454,ЛЕБЕДЕВ РИНАТ ПЕТРОВИЧ,prohibitive2@list.ru,True
455,КАЗАКОВ ФЕДОР АШОТОВИЧ,saleslady424@mail.ru,True
456,ТИТОВА МАРГАРИТА АНАТОЛЬЕВНА,macaw41@gmail.com,True
457,ТЕРЕХОВ ВЛАДИСЛАВ ЮРЬЕВИЧ,craze199@gmail.com,True
458,ЕРМОЛАЕВ АЛЕКСАНДР ВАСИЛЬЕВИЧ,TWA502@list.ru,True
459,МАКСИМОВА ДИНАРА АНАТОЛЬЕВНА,being@gmail.com,True
460,КОМАРОВ МАРСЕЛЬ РАВИЛЕВИЧ,alp82@list.ru,True
461,ВЛАСОВ НАИЛЬ БОРИСОВИЧ,plantain@list.ru,True
462,ЛАРИОНОВ ФИЛИПП ГЕРМАНОВИЧ,silvery@list.ru,True
463,КОНДРАТЬЕВА ЕВГЕНИЯ АРКАДЬЕВНА,crewel3@yandex.ru,True
464,ЕРМОЛАЕВА АЛЁНА МАГОМЕДОВНА,octagonal1@yandex.ru,True
465,ГРИГОРЯН АЗАТ ТИМОФЕЕВИЧ,dram@mail.ru,True
466,НЕКРАСОВА АНАСТАСИЯ ДАМИРОВНА,Mohammedan914@gmail.com,True
467,ЛУКИН ТИМОФЕЙ АШОТОВИЧ,sabra1@yandex.ru,True
468,ЛУКИНА ТАТЬЯНА АНАТОЛЬЕВНА,termini@list.ru,True
469,ПАНИН РИНАТ РАФИКОВИЧ,jovial@list.ru,True
470,ТОКАРЕВ ТАРАС АНДРЕЕВИЧ,whiplash2@yandex.ru,True
471,АГАФОНОВА АНЖЕЛА ВИТАЛЬЕВНА,Lutheran@gmail.com,True
472,ХОХЛОВА ИРИНА РОБЕРТОВНА,dysplasia6@mail.ru,True
473,САФОНОВ РАФАЭЛЬ КОНСТАНТИНОВИЧ,nutritious87@yandex.ru,True
474,АЛИЕВ ВИКТОР ФЕДОРОВИЧ,commute9@list.ru,True
475,ТРОФИМОВ ФИЛИПП АРТУРОВИЧ,secretive93@yandex.ru,True
476,ВОРОНОВА КСЕНИЯ РАШИДОВНА,belie45@gmail.com,True
477,РЫБАКОВА ЭЛЬМИРА АЛЕКСАНДРОВНА,mystique@list.ru,True
478,ГОРБУНОВ СТЕПАН ПАВЛОВИЧ,shark19@list.ru,True
479,ТКАЧЕВА АЛЬБИНА РАФАИЛОВНА,onslaught19@mail.ru,True
480,КАЛИНИНА ЗОЯ ВАДИМОВНА,pelvis0@mail.ru,True
481,СЕРГЕЕВ ИЛЬЯ ИГОРЕВИЧ,tendency1@list.ru,True
482,КРАВЧЕНКО ДИНАРА МИХАЙЛОВНА,semi@list.ru,True
483,АРТЕМЬЕВА АНТОНИНА АНТОНОВНА,bramble@gmail.com,True
484,ГРАЧЕВ МИХАИЛ ИЛЬИЧ,equilibria5@list.ru,True
485,ИСАКОВ ШАМИЛЬ ПЕТРОВИЧ,difficulty2@yandex.ru,True
486,ЦВЕТКОВ ДАНИЛ РАДИКОВИЧ,assault91@mail.ru,True
487,ТРОФИМОВ ТАРАС ЮРЬЕВИЧ,sebaceous@gmail.com,True
488,СКВОРЦОВ МАКСИМ РУСТАМОВИЧ,sniff76@yandex.ru,True
489,КОНОВАЛОВА ЕКАТЕРИНА КИРИЛЛОВНА,psychometry453@yandex.ru,True
490,КОРНЕЕВА ИННА СЕМЕНОВНА,Yukon416@list.ru,True
491,СИДОРОВ НИКОЛАЙ ВЕНИАМИНОВИЧ,Renault123@mail.ru,True
492,ХАСАНОВ ДАНИЛ АШОТОВИЧ,knoll@gmail.com,True
493,МАРКИН ВИТАЛИЙ ГЕННАДИЕВИЧ,lamprey4@mail.ru,True
494,МОРОЗОВА РЕГИНА ИННОКЕНТЬЕВНА,praecox3@yandex.ru,True
495,ПАНОВ ПЁТР РАМИЛЕВИЧ,chauvinism@yandex.ru,True
496,АКСЕНОВА ЗУЛЬФИЯ АНТОНОВНА,rainbow564@mail.ru,True
497,ЧИСТЯКОВ ВИКТОР РАМИЛЕВИЧ,wireman18@list.ru,True
498,МАЛЫШЕВА ЕКАТЕРИНА ИОСИФОВНА,Hawaiian8@yandex.ru,True
499,КУДРЯШОВ ДЕНИС МАРАТОВИЧ,nostril@gmail.com,True
500,СЕЛЕЗНЕВ АЛАН АШОТОВИЧ,kinsman0@gmail.com,True
501,КОПЫЛОВА РЕГИНА АНАТОЛЬЕВНА,gridlock5@yandex.ru,True
502,МАЛЬЦЕВА ЗАРИНА ГЕОРГИЕВНА,Katz66@gmail.com,True
503,ФОМИН АЛАН ПЕТРОВИЧ,refractory@gmail.com,True
504,РЯБОВ ШАМИЛЬ ВАЛЕРЬЕВИЧ,taxonomist276@list.ru,True
505,РОМАНОВ АРМЕН АЛЕКСАНДРОВИЧ,parabolic@mail.ru,True
506,КРЫЛОВ ШАМИЛЬ НАИЛЕВИЧ,waterline@gmail.com,True
507,НОВИКОВА АНЖЕЛИКА МИХАЙЛОВНА,Hokan748@mail.ru,True
508,МИХАЙЛОВА ИРИНА АЛЕКСАНДРОВНА,tractor2@gmail.com,True
509,АНДРЕЕВА ЕЛЕНА МИХАЙЛОВНА,finesse63@yandex.ru,True
510,СТЕПАНОВА ЭММА РАВИЛЕВНА,Jukes@gmail.com,True
511,ТРЕТЬЯКОВ ЯРОСЛАВ МАГОМЕДОВИЧ,perdition39@mail.ru,True
512,НИКИТИНА ЛИЛИЯ ГЕННАДИЕВНА,littermate98@yandex.ru,True
513,МАКСИМОВА ЭММА ВЯЧЕСЛАВОВНА,cosmetic0@list.ru,True
514,САМОЙЛОВА ЛЕЙЛА СТАНИСЛАВОВНА,suave6@mail.ru,True
515,ЮДИН ПАВЕЛ РАДИКОВИЧ,homogenate511@gmail.com,True
516,АВДЕЕВ ГЛЕБ НИКОЛАЕВИЧ,Israelite2@yandex.ru,True
517,ЧЕРНЫШЕВА АЛЬБИНА АНТОНОВНА,redemptive9@yandex.ru,True
518,ЧЕРЕПАНОВА ТАМАРА ЕВГЕНЬЕВНА,tenable@mail.ru,True
519,НЕКРАСОВ ГЕННАДИЙ ГЕННАДИЕВИЧ,cockroach364@mail.ru,True
520,ПАВЛОВА АЛЬФИЯ ЕФИМОВНА,nuance166@mail.ru,True
521,КОТОВА АЛЕСЯ ВЛАДИСЛАВОВНА,opossum17@list.ru,True
522,БАРАНОВА ВИОЛЕТТА РАМИЛЕВНА,anaglyph5@mail.ru,True
523,ПЕТРОВ ЭЛЬДАР ЛЬВОВИЧ,Wichita@gmail.com,True
524,МОИСЕЕВ АЛАН ИБРАГИМОВИЧ,deportee11@list.ru,True
525,СЕРГЕЕВА АЛЬФИЯ ИВАНОВНА,Arachne@mail.ru,True
526,КОВАЛЕНКО АНТОНИНА РАМИЛЕВНА,praise@yandex.ru,True
527,КОМАРОВА НАДЕЖДА НИКОЛАЕВНА,fanout741@yandex.ru,True
528,КОСТИН ЭЛЬДАР АШОТОВИЧ,counterargument@gmail.com,True
529,ЧИСТЯКОВА СОФИЯ РАВИЛЬЕВНА,humane@list.ru,True
530,ГУСЕВ АЙРАТ ФАРИТОВИЧ,Percival46@gmail.com,True
531,АКИМОВА ЕВГЕНИЯ БОРИСОВНА,putative019@gmail.com,True
532,ФЕДОТОВА НИНА РУСЛАНОВНА,treetop2@gmail.com,True
533,КАЗАНЦЕВА ВАЛЕРИЯ РАМИЛЕВНА,flatiron607@gmail.com,True
534,САВИН ЭДУАРД ГЕННАДИЕВИЧ,incurring9@yandex.ru,True
535,ЛУКИНА АЛЬБИНА ЕВГЕНЬЕВНА,rummage0@gmail.com,True
536,КРЫЛОВ СТЕПАН ДМИТРИЕВИЧ,cockpit2@list.ru,True
537,КОНОВАЛОВА НАТАЛИЯ АЛЬБЕРТОВНА,homestead36@list.ru,True
538,ПАНОВ АЗАТ РАФИКОВИЧ,pelican958@mail.ru,True
539,СКВОРЦОВ ТИМОФЕЙ ФЁДОРОВИЧ,clarinet325@mail.ru,True
540,ТОКАРЕВА АРИНА ФАРИТОВНА,carve386@list.ru,True
541,ГЕРАСИМОВА РЕГИНА РОБЕРТОВНА,risk@list.ru,True
542,ИВАНОВА КИРА НИКОЛАЕВНА,tend64@list.ru,True
543,ФЕДОРОВ ЭЛЬДАР ВАЛЕРИЕВИЧ,ohmic270@yandex.ru,True
544,МАКСИМОВ ТИМОФЕЙ ФАРИТОВИЧ,Everett783@list.ru,True
545,ТОКАРЕВ ГЕОРГИЙ ГЕРМАНОВИЧ,parish@mail.ru,True
546,БИРЮКОВ ГЕННАДИЙ НАИЛЕВИЧ,dairyman6@gmail.com,True
547,МИХЕЕВ ЯН МИХАЙЛОВИЧ,Alcmena9@gmail.com,True
548,КОРОЛЕВ АСЛАН СТАНИСЛАВОВИЧ,down475@yandex.ru,True
549,МАЙОРОВА АИДА ФАРИТОВНА,spectroscopy@yandex.ru,True
550,ШИШКИНА МАЙЯ РАШИТОВНА,superfluity64@list.ru,True
551,САВЧЕНКО АНГЕЛИНА ЮРЬЕВНА,juror49@mail.ru,True
552,МЕЛЬНИКОВ АСЛАН КОНСТАНТИНОВИЧ,luge@list.ru,True
553,ГОРБАЧЕВА ЗОЯ НИКОЛАЕВНА,scrabble2@list.ru,True
554,ДАВЫДОВ ШАМИЛЬ РОМАНОВИЧ,McCall59@list.ru,True
555,ХАРИТОНОВ СЕМЕН РУСЛАНОВИЧ,polygamous65@yandex.ru,True
556,КОТОВ НАИЛЬ НАИЛЕВИЧ,holiday879@gmail.com,True
557,КУЗНЕЦОВ АЛЕКСАНДР ВАСИЛЬЕВИЧ,shay@list.ru,True
558,ВОРОНОВ ЗАУР ВЛАДИМИРОВИЧ,Schottky1@mail.ru,True
559,ПРОКОФЬЕВА УЛЬЯНА МАГОМЕДОВНА,springe2@yandex.ru,True
560,РЯБОВ АРМЕН АЛЕКСЕЕВИЧ,begging@list.ru,True
561,БАЖЕНОВА АНТОНИНА ПАВЛОВНА,recess@mail.ru,True
562,КОЗЛОВ ГЕРМАН РАШИТОВИЧ,escort96@yandex.ru,True
563,СИМОНОВА ЖАННА ГАВРИЛОВНА,hopscotch93@gmail.com,True
564,КРЮКОВ ФЕДОР МАНСУРОВИЧ,stroboscopic099@list.ru,True
565,АФАНАСЬЕВ ЛЕВ РОМАНОВИЧ,another72@list.ru,True
566,СИМОНОВ ЯН ПЕТРОВИЧ,wriggle74@mail.ru,True
567,МАКСИМОВА АЛЬБИНА ИВАНОВНА,ascetic5@list.ru,True
568,ХАСАНОВ ИВАН АЛЬБЕРТОВИЧ,Waals34@list.ru,True
569,БОРИСОВА ЛЮДМИЛА ВАДИМОВНА,foster5@mail.ru,True
570,ПЕТРЕНКО ТАИСИЯ КОНСТАНТИНОВНА,ethyl63@list.ru,True
571,ЧЕРЕПАНОВА ЕВГЕНИЯ АФАНАСЬЕВНА,coupon567@mail.ru,True
572,ГРАЧЕВ ВАСИЛИЙ РАВИЛЕВИЧ,image452@gmail.com,True
573,ЧЕРНЫШОВА ЭЛЬВИРА СТАНИСЛАВОВНА,chart17@mail.ru,True
574,НОВИКОВ ИВАН РИНАТОВИЧ,liqueur519@yandex.ru,True
575,РЯБОВ СЕМЕН РАФИКОВИЧ,mullah@gmail.com,True
576,ХОХЛОВ ЕГОР РАДИКОВИЧ,full4@list.ru,True
577,ВЛАСОВ ВЛАДИСЛАВ ВАДИМОВИЧ,Marguerite8@gmail.com,True
578,ШЕВЧЕНКО НАИЛЬ ВАЛЕРЬЕВИЧ,pharmacology8@mail.ru,True
579,ЛАПТЕВА ВИКТОРИЯ СЕМЕНОВНА,breakaway71@yandex.ru,True
580,РУМЯНЦЕВ РИНАТ АЛЕКСЕЕВИЧ,ion172@yandex.ru,True
581,НИКИТИНА ЕВГЕНИЯ АНВАРОВНА,bodyguard78@yandex.ru,True
582,МАКСИМОВ СЕРГЕЙ РУСЛАНОВИЧ,Fe2@mail.ru,True
583,КОМАРОВ ДМИТРИЙ АШОТОВИЧ,economy50@list.ru,True
584,КРАВЧЕНКО АЛИЯ АЛЬБЕРТОВНА,Sarah0@yandex.ru,True
585,ЛЕБЕДЕВА РИТА МАКСИМОВНА,origin937@gmail.com,True
586,ВАСИЛЬЕВ АЗАМАТ АШОТОВИЧ,mignon6@list.ru,True
587,АРХИПОВ ВЯЧЕСЛАВ ЕВГЕНЬЕВИЧ,bookplate06@mail.ru,True
588,ЛАРИН ГЕННАДИЙ РИНАТОВИЧ,Avernus54@list.ru,True
589,ВЕСЕЛОВА ВАЛЕНТИНА СЕРГЕЕВНА,harrow@yandex.ru,True
590,САЗОНОВА ЭЛЬМИРА ДАНИЛОВНА,Nagasaki73@mail.ru,True
591,ДЕМИНА РИТА НАИЛЕВНА,uppercut@yandex.ru,True
592,ВИНОГРАДОВ ВАЛЕНТИН РУДОЛЬФОВИЧ,hydroxy5@yandex.ru,True
593,ТЕРЕХОВА АЙГУЛЬ ВАСИЛЬЕВНА,infant03@yandex.ru,True
594,КОСТИН ВАЛЕРИЙ РАМИЛЕВИЧ,cony5@list.ru,True
595,КУЗЬМИНА УЛЬЯНА ЕГОРОВНА,envoy61@gmail.com,True
596,ПАНИН ДАВИД МАКСИМОВИЧ,nightmarish@gmail.com,True
597,ЖУКОВ ИЛЬШАТ ВАЛЕРИЕВИЧ,lieutenant137@mail.ru,True
598,ЕРМОЛАЕВА РАИСА РАВИЛЬЕВНА,spontaneous630@yandex.ru,True
599,КОМАРОВ ФИЛИПП ВЕНИАМИНОВИЧ,irrefutable525@gmail.com,True
600,ГОЛУБЕВА АИДА АНАТОЛЬЕВНА,Cochrane589@mail.ru,True
601,ЧЕРЕПАНОВА РАИСА ИОСИФОВНА,heroine@list.ru,True
602,БЫКОВ ДАВИД ГЕННАДИЕВИЧ,conclusive4@mail.ru,True
603,ГУСЕВА АЛЕНА СЕРГЕЕВНА,scapegoat74@yandex.ru,True
604,ПЕТУХОВА ДИНАРА ГЕРМАНОВНА,Kiewit@yandex.ru,True
605,МАМЕДОВ ПЕТР ВЕНИАМИНОВИЧ,sidelight06@yandex.ru,True
606,ЕМЕЛЬЯНОВ АЗАТ РУСЛАНОВИЧ,gravitate15@mail.ru,True
607,НЕЧАЕВА ОКСАНА ЯКОВЛЕВНА,Hera@list.ru,True
608,ГОРШКОВ АРТУР ДМИТРИЕВИЧ,serendipity@yandex.ru,True
609,СЕЛЕЗНЕВА ЭЛЬМИРА МАРАТОВНА,lord47@yandex.ru,True
610,ЧЕРКАСОВА ГУЛЬНАЗ АНВАРОВНА,coup@list.ru,True
611,ПЕТУХОВ ЕВГЕНИЙ ФЕДОРОВИЧ,hint@gmail.com,True
612,ФОМИНА ЛИДИЯ ВАЛЕРИЕВНА,search6@gmail.com,True
613,ГОРШКОВ АРКАДИЙ РАДИКОВИЧ,would5@gmail.com,True
614,ОВСЯННИКОВА КАРИНА РАВИЛЕВНА,rusk9@gmail.com,True
615,СПИРИДОНОВА АРИНА МАГОМЕДОВНА,probate@list.ru,True
616,МАРТЫНОВ РУСТАМ ГЕРМАНОВИЧ,infringe@list.ru,True
617,ИСАКОВА ЕЛИЗАВЕТА ГЕОРГИЕВНА,dogtrot@list.ru,True
618,МУХИНА РЕГИНА ПЕТРОВНА,Delphic@list.ru,True
619,ТИХОНОВ ПЁТР САМВЕЛОВИЧ,Winthrop@mail.ru,True
620,ЕРЕМИН РАДИК АЛЬБЕРТОВИЧ,warmhearted2@gmail.com,True
621,КАЛИНИН РУСТЕМ ГРИГОРЬЕВИЧ,binary03@gmail.com,True
622,БАРАНОВ АЛАН ВЕНИАМИНОВИЧ,lush38@yandex.ru,True
623,КРЮКОВ ТИМУР РАВИЛЕВИЧ,viaduct7@gmail.com,True
624,ТАРАСОВА АИДА ГЕННАДИЕВНА,Selwyn2@list.ru,True
625,АБРАМОВА РИТА ПЕТРОВНА,Schmitt8@list.ru,True
626,ПОНОМАРЕВ ИГОРЬ АЛЕКСЕЕВИЧ,scratchy@mail.ru,True
627,НИКИФОРОВ АШОТ НАИЛЕВИЧ,charcuterie505@gmail.com,True
628,ФРОЛОВ ОЛЕГ ЯКОВЛЕВИЧ,Burundi092@mail.ru,True
629,МАТВЕЕВА ВЕРА РАШИТОВНА,Corvus0@yandex.ru,True
630,БАЖЕНОВА МАРГАРИТА ВЕНИАМИНОВНА,Catherine285@list.ru,True
631,ФРОЛОВ МАРАТ ВАДИМОВИЧ,PR2@yandex.ru,True
632,ШАКИРОВ АЛАН РУДОЛЬФОВИЧ,misanthropic928@mail.ru,True
633,КОСТИНА ТАТЬЯНА РАШИТОВНА,Miguel681@list.ru,True
634,ТКАЧЕНКО ДИНА СЕРГЕЕВНА,lumberjack142@yandex.ru,True
635,МАРТЫНОВ БОРИС ЕГОРОВИЧ,highhanded72@mail.ru,True
636,АКИМОВ ГЕРМАН ДАМИРОВИЧ,oncology347@mail.ru,True
637,НИКИФОРОВ АНТОН СЕРГЕЕВИЧ,bundy439@mail.ru,True
638,ИБРАГИМОВА АЛЬФИЯ ПАВЛОВНА,lenticular1@mail.ru,True
639,БОРИСОВА ЛЕЙЛА ВАЛЕРИЕВНА,nickname415@gmail.com,True
640,ФИЛАТОВ ВИТАЛИЙ РУДОЛЬФОВИЧ,character906@yandex.ru,True
641,КОПЫЛОВА ИРАИДА МАНСУРОВНА,pain015@list.ru,True
642,САФОНОВА МАРГАРИТА НАИЛЕВНА,Boyle59@mail.ru,True
643,ГУСЕВА ФАРИДА МАНСУРОВНА,Lao564@gmail.com,True
644,СИМОНОВА ДИНА АЛИЕВНА,impassable@list.ru,True
645,САЗОНОВА СОФЬЯ МАРАТОВНА,magnolia089@mail.ru,True
646,БОЛЬШАКОВА НАТАЛИЯ ЛЕОНИДОВНА,bonnet906@list.ru,True
647,ЕФИМОВ АЗАМАТ ФАРИТОВИЧ,Watson3@yandex.ru,True
648,СИМОНОВ АЛЕКСЕЙ НАИЛЕВИЧ,Richard@gmail.com,True
649,ФОКИНА ЗАЛИНА МАГОМЕДОВНА,midstream342@gmail.com,True
650,КНЯЗЕВА ВЕРА ФИЛИППОВНА,transistor050@list.ru,True
651,ЧЕРНОВ СТАНИСЛАВ ЕГОРОВИЧ,soulful87@yandex.ru,True
652,ВОРОБЬЕВ АРТУР ЕВГЕНЬЕВИЧ,cesium98@yandex.ru,True
653,ИСАКОВ СТЕПАН ВАЛЕРИЕВИЧ,patchy@list.ru,True
654,КРАВЦОВА РИММА АНВАРОВНА,amethystine811@yandex.ru,True
655,КОТОВ ИЛЬШАТ РУСЛАНОВИЧ,blossom@yandex.ru,True
656,ВОРОНОВ ЕВГЕНИЙ ДАМИРОВИЧ,armpit@yandex.ru,True
657,САДЫКОВА ГАЛИНА ФАРИТОВНА,premier@yandex.ru,True
658,САЗОНОВА АЛЕСЯ ИЛЬИНИЧНА,throne226@yandex.ru,True
659,ЧЕРНЫШЕВА ЭЛЬМИРА НАИЛЕВНА,committeewomen5@yandex.ru,True
660,ПЕТРЕНКО КРИСТИНА ТИМОФЕЕВНА,abscissa@list.ru,True
661,КАЛАШНИКОВА АРИНА ИОСИФОВНА,involution1@mail.ru,True
662,АНТИПОВ ИЛЬДАР ГРИГОРЬЕВИЧ,press345@gmail.com,True
663,АКОПЯН РОДИОН СТЕПАНОВИЧ,diathesis45@mail.ru,True
664,ЕРШОВ АЛЕКСЕЙ ИБРАГИМОВИЧ,sextic@mail.ru,True
665,МАКСИМОВ ИВАН РУСТАМОВИЧ,pinpoint2@yandex.ru,True
666,ТИТОВА ГУЛЬНАРА ВЛАДИМИРОВНА,attic59@list.ru,True
667,КАРИМОВА ЛИДИЯ НИКОЛАЕВНА,bush1@mail.ru,True
668,МИРОНОВ ДЕНИС ЛЕОНИДОВИЧ,snoopy348@gmail.com,True
669,ИСАЕВА ЗУЛЬФИЯ РАШИДОВНА,beatitude@yandex.ru,True
670,АГЕЕВА АЛЬФИЯ ЕФИМОВНА,geothermal@list.ru,True
671,ГОРБУНОВ АЛЕКСЕЙ ВАСИЛЬЕВИЧ,eschew79@list.ru,True
672,ЗАВЬЯЛОВА ЛАРИСА ФИЛИППОВНА,anarchy@gmail.com,True
673,ГРОМОВ МАГОМЕД ВАЛЕРЬЕВИЧ,technology95@mail.ru,True
674,ИГНАТОВА КСЕНИЯ ИЛЬИНИЧНА,mulatto@yandex.ru,True
675,СОКОЛОВ ЛЕОНИД ФЕДОРОВИЧ,sowbelly2@gmail.com,True
676,МОРОЗОВА АНГЕЛИНА ВИТАЛЬЕВНА,Paulus6@mail.ru,True
677,ВОЛКОВА КРИСТИНА АЛЕКСЕЕВНА,dumbbell7@yandex.ru,True
678,ФЕДОРОВ РАМИЛЬ ВИКТОРОВИЧ,shifty6@yandex.ru,True
679,ЖУРАВЛЕВ АРМЕН РОМАНОВИЧ,aft75@yandex.ru,True
680,ЗИНОВЬЕВА АНЖЕЛА ФАРИТОВНА,Tantric34@list.ru,True
681,КЛИМОВА ЗОЯ ГЕРМАНОВНА,honest@yandex.ru,True
682,ПЕТРЕНКО ЗАЛИНА СТЕПАНОВНА,meridian@yandex.ru,True
683,ЗОРИНА АЛЕСЯ ВАЛЕРЬЕВНА,Hobbes8@list.ru,True
684,АРУТЮНЯН ЯН ВАСИЛЬЕВИЧ,kiosk@mail.ru,True
685,ЕВСЕЕВА ИННА ПЕТРОВНА,nose@gmail.com,True
686,ЩЕРБАКОВА ЛЮБОВЬ АНВАРОВНА,Borroughs27@yandex.ru,True
687,КАРПОВА ГАЛИНА ИОСИФОВНА,inductor7@list.ru,True
688,ПАНОВ ВАЛЕНТИН ВАСИЛЬЕВИЧ,yah895@list.ru,True
689,ВИНОГРАДОВА ИЛОНА АРТУРОВНА,pomology4@yandex.ru,True
690,ВОРОНОВА ЛИДИЯ ВЛАДИСЛАВОВНА,Nanette@gmail.com,True
691,ПРОХОРОВ ВАСИЛИЙ ВАДИМОВИЧ,down0@mail.ru,True
692,ПЕТУХОВ МУРАТ ФЁДОРОВИЧ,baritone2@gmail.com,True
693,НЕСТЕРОВ АРКАДИЙ МИХАЙЛОВИЧ,headset4@yandex.ru,True
694,САФОНОВА АЛЕВТИНА РАМАЗАНОВНА,whee2@list.ru,True
695,СМИРНОВ МАРК МАГОМЕДОВИЧ,extrude048@list.ru,True
696,КУЛИКОВА ВАЛЕНТИНА РАМИЛЕВНА,McAllister3@yandex.ru,True
697,МЕЛЬНИКОВА НАДЕЖДА АФАНАСЬЕВНА,Koenig07@yandex.ru,True
698,ФИЛИМОНОВА АИДА АРКАДЬЕВНА,whalebone@gmail.com,True
699,УСТИНОВА АНЖЕЛИКА БОРИСОВНА,servitude843@list.ru,True
700,БОБРОВ СТАНИСЛАВ ВАДИМОВИЧ,barefoot@mail.ru,True
701,МОНГУШ ГАЛИЯ ИВАНОВНА,marry5@mail.ru,True
702,РУБЦОВА ЭЛЕОНОРА РАДИКОВНА,diaphragm509@mail.ru,True
703,КОРОТКОВА ЮЛИЯ ЕГОРОВНА,transition0@yandex.ru,True
704,ГОРБУНОВ ВЛАДИМИР ЭДУАРДОВИЧ,administrable608@gmail.com,True
705,КУЛИКОВА СОФЬЯ МАРАТОВНА,Tallahassee6@yandex.ru,True
706,ТИТОВ ЕВГЕНИЙ ПАВЛОВИЧ,Selma1@yandex.ru,True
707,ВОРОБЬЕВ РАМИЛЬ САМВЕЛОВИЧ,antebellum071@gmail.com,True
708,МАРТЫНОВ РУСТЕМ САМВЕЛОВИЧ,direct@yandex.ru,True
709,ЮДИН АЙРАТ ОЛЕГОВИЧ,buildup7@list.ru,True
710,ЧЕРНЫШОВА ЗАЛИНА АНТОНОВНА,Jacobus@yandex.ru,True
711,МАЛЫШЕВ РЕНАТ МАГОМЕДОВИЧ,transitive@gmail.com,True
712,АКСЕНОВ РАФАЭЛЬ ВЛАДИСЛАВОВИЧ,border@mail.ru,True
713,АХМЕДОВ ФИЛИПП ЛЕОНИДОВИЧ,snarl701@list.ru,True
714,ИГНАТЬЕВ ДАВИД ПЕТРОВИЧ,Africa5@list.ru,True
715,РОЖКОВ САМВЕЛ ЭДУАРДОВИЧ,factory9@gmail.com,True
716,РЯБОВА ЗИНАИДА АНАТОЛЬЕВНА,Aegean336@list.ru,True
717,НАЗАРОВА ГУЛЬНАЗ РАДИКОВНА,hermitian@mail.ru,True
718,ТРОФИМОВ МАГОМЕД ИОСИФОВИЧ,AAA@yandex.ru,True
719,ТИХОМИРОВ ВЯЧЕСЛАВ ИЛЬИЧ,where805@list.ru,True
720,ЕРМОЛАЕВ РАФАЭЛЬ ВЛАДИСЛАВОВИЧ,circuit309@yandex.ru,True
721,БЫКОВ АЗАМАТ НАИЛЕВИЧ,spastic61@list.ru,True
722,СИМОНОВ РАМИЛЬ АРТУРОВИЧ,prose393@mail.ru,True
723,КОЖЕВНИКОВ ОЛЕГ ВАЛЕРЬЕВИЧ,eighteenth80@yandex.ru,True
724,МЕРКУЛОВА ЗИНАИДА МАНСУРОВНА,clinch836@mail.ru,True
725,ЧЕРНИКОВА АЛЕКСАНДРА ГАВРИЛОВНА,viscera709@gmail.com,True
726,ОВЧИННИКОВА ЗУЛЬФИЯ РОБЕРТОВНА,hominid21@list.ru,True
727,КНЯЗЕВ АРТУР РУДОЛЬФОВИЧ,incur1@list.ru,True
728,АХМЕТОВА ПОЛИНА РАФАИЛОВНА,aye7@list.ru,True
729,АВДЕЕВ ИЛЬДАР ВАЛЕРИЕВИЧ,epithelium9@yandex.ru,True
730,КОНСТАНТИНОВА ЛИЛИЯ БОРИСОВНА,greyhound2@gmail.com,True
731,СТЕПАНОВА ЛЕЙЛА ВЕНИАМИНОВНА,ejector@list.ru,True
732,АБРАМОВА ЛУИЗА ВЯЧЕСЛАВОВНА,wasting@list.ru,True
733,ЩЕРБАКОВ РУСТАМ МАКСИМОВИЧ,Kensington6@list.ru,True
734,ТЕРЕНТЬЕВ ШАМИЛЬ РАФИКОВИЧ,moth@gmail.com,True
735,ПЛОТНИКОВА ДАРЬЯ ДАМИРОВНА,psychophysic602@yandex.ru,True
736,МАКСИМОВА МАРИАННА РУСЛАНОВНА,hunt976@yandex.ru,True
737,КНЯЗЕВА СОФЬЯ РАВИЛЕВНА,pimp@yandex.ru,True
738,ГОРШКОВ ЕВГЕНИЙ МАКСИМОВИЧ,Reid438@yandex.ru,True
739,САВЕЛЬЕВА ЕЛИЗАВЕТА ГЕННАДЬЕВНА,fay9@yandex.ru,True
740,НОВОСЕЛОВА ЕЛИЗАВЕТА ИБРАГИМОВНА,McCauley@list.ru,True
741,МОНГУШ ДАРЬЯ МАРАТОВНА,taint9@mail.ru,True
742,САВЕЛЬЕВА НАДЕЖДА РОМАНОВНА,Walcott06@mail.ru,True
743,КОНОВАЛОВ АРМЕН ГЕОРГИЕВИЧ,elution@yandex.ru,True
744,БЕЛЯЕВА ВАЛЕНТИНА АНТОНОВНА,matrix270@gmail.com,True
745,СКВОРЦОВА ГУЛЬНАРА ЛЬВОВНА,invite20@gmail.com,True
746,ХАСАНОВ ВИКТОР ЭДУАРДОВИЧ,Sequoia110@list.ru,True
747,МУХИН НАИЛЬ ВЯЧЕСЛАВОВИЧ,million@mail.ru,True
748,КАЛИНИН СЕМЕН БОРИСОВИЧ,ginmill047@yandex.ru,True
749,МЕДВЕДЕВ МАРК ВАСИЛЬЕВИЧ,roadside@mail.ru,True
750,СЕЛЕЗНЕВ АЗАТ РИНАТОВИЧ,harvestman68@yandex.ru,True
751,ЧЕРНЫШОВА ИЛЬМИРА РАШИТОВНА,quite@list.ru,True
752,ВЛАДИМИРОВА ЕКАТЕРИНА ТИМОФЕЕВНА,he'll6@list.ru,True
753,ЕРЕМИНА ЗАРИНА ЕГОРОВНА,critique8@yandex.ru,True
754,ПОЗДНЯКОВА КАРИНА МАГОМЕДОВНА,Liz25@yandex.ru,True
755,ВЛАДИМИРОВА ЕЛЕНА ВИТАЛЬЕВНА,diffusive55@gmail.com,True
756,ЧЕРНЫХ ВЛАДИМИР ВЕНИАМИНОВИЧ,ode@yandex.ru,True
757,РОМАНОВ ЯН СТЕПАНОВИЧ,sago212@list.ru,True
758,СОБОЛЕВА ГАЛИЯ МАКСИМОВНА,vade202@mail.ru,True
759,НИКОЛАЕВА ОЛЬГА ВИТАЛЬЕВНА,rave086@list.ru,True
760,СЕЛЕЗНЕВА ЕЛИЗАВЕТА ИБРАГИМОВНА,onion85@mail.ru,True
761,МЕДВЕДЕВ МАРК АЛЬБЕРТОВИЧ,shrugging@gmail.com,True
762,КРАВЦОВА АЛЕВТИНА ИЛЬДАРОВНА,enviable608@mail.ru,True
763,БОГДАНОВА ЗУХРА ФАРИТОВНА,work2@list.ru,True
764,ФЕДОТОВА ДИНА ФЁДОРОВНА,playpen@list.ru,True
765,ГЕРАСИМОВА КСЕНИЯ АЛЕКСАНДРОВНА,refractometer@mail.ru,True
766,КУЗИН МУРАТ БОРИСОВИЧ,Bayreuth85@gmail.com,True
767,КОТОВА ЖАННА РАШИТОВНА,peahen@list.ru,True
768,ИСАКОВА ЛУИЗА ЕГОРОВНА,sponsor1@gmail.com,True
769,КОЗЛОВА ЭЛЬЗА ЭДУАРДОВНА,followeth0@list.ru,True
770,ОРЛОВ ТАРАС ОЛЕГОВИЧ,Dominick5@gmail.com,True
771,СКВОРЦОВА ГУЗЕЛЬ ГЕННАДЬЕВНА,dogleg56@mail.ru,True
772,ЛАРИН СВЯТОСЛАВ ГЕОРГИЕВИЧ,pivot@gmail.com,True
773,ВОРОБЬЕВА КАРИНА АЛЕКСЕЕВНА,legacy6@mail.ru,True
774,НЕКРАСОВ РОМАН ВАСИЛЬЕВИЧ,allotting475@mail.ru,True
775,РОЖКОВ ДЕНИС НИКОЛАЕВИЧ,divulge45@yandex.ru,True
776,ПЛОТНИКОВ ЗАУР ВАЛЕРИЕВИЧ,opulent30@gmail.com,True
777,ХАРИТОНОВ АЙРАТ ИОСИФОВИЧ,ersatz@mail.ru,True
778,САЗОНОВА ВЕРОНИКА ЕВГЕНЬЕВНА,Pamela@yandex.ru,True
779,ХАСАНОВА ИНЕССА АФАНАСЬЕВНА,thallium2@list.ru,True
780,ХАРИТОНОВА ЕКАТЕРИНА РАВИЛЬЕВНА,compilation@list.ru,True
781,ФРОЛОВА ВИКТОРИЯ РУДОЛЬФОВНА,competitor08@gmail.com,True
782,КОМАРОВ ДАНИЛ ВАЛЕРИЕВИЧ,vivace4@mail.ru,True
783,КОВАЛЕНКО РЕГИНА РАИСОВНА,irreproachable279@yandex.ru,True
784,ЛОГИНОВ КИРИЛЛ АЛЬБЕРТОВИЧ,cherish@mail.ru,True
785,ГОНЧАРОВА КРИСТИНА АНВАРОВНА,plaintive@mail.ru,True
786,ЖУКОВА АЛЕКСАНДРА АРКАДЬЕВНА,Wednesday56@yandex.ru,True
787,ДЕМЕНТЬЕВА МАРИАННА НИКОЛАЕВНА,catheter80@list.ru,True
788,МОНГУШ ЛИДИЯ АЛЕКСЕЕВНА,jocular838@mail.ru,True
789,РУМЯНЦЕВ НИКОЛАЙ ВАЛЕРИЕВИЧ,y's3@mail.ru,True
790,КРЮКОВ РУСТАМ РУСЛАНОВИЧ,Leila9@yandex.ru,True
791,ЗАХАРОВ АЛАН ОЛЕГОВИЧ,MacMillan60@mail.ru,True
792,САЛЬНИКОВА РЕГИНА АНТОНОВНА,bianco@mail.ru,True
793,ЗАХАРОВ ВИКТОР ИЛЬИЧ,Wisconsin6@list.ru,True
794,ВОРОБЬЕВА ВЕРА ПАВЛОВНА,broadminded849@mail.ru,True
795,ГРИШИНА ЛИАНА АНАТОЛЬЕВНА,yen@mail.ru,True
796,ПЕТУХОВ НИКИТА ВАЛЕРИЕВИЧ,condemnatory947@list.ru,True
797,ХАСАНОВ ИЛЬЯ ФАРИТОВИЧ,Hershel836@mail.ru,True
798,КУЛАКОВ ТАРАС АРТУРОВИЧ,farad@list.ru,True
799,ИЛЬИНА ИНЕССА АЛЕКСЕЕВНА,quietus162@list.ru,True
800,АНИСИМОВ АНДРЕЙ ПАВЛОВИЧ,autoclave@mail.ru,True
801,ЗАВЬЯЛОВА АНГЕЛИНА ВАЛЕРЬЕВНА,Hendrick0@yandex.ru,True
802,АБРАМОВ ЕВГЕНИЙ ВЛАДИСЛАВОВИЧ,Manama1@gmail.com,True
803,КЛИМОВА АЛСУ РОБЕРТОВНА,loathe@mail.ru,True
804,АРХИПОВ РАФАЭЛЬ ПЕТРОВИЧ,ashen89@mail.ru,True
805,РЯБОВ ВАЛЕРИЙ РАШИДОВИЧ,upset399@list.ru,True
806,МАСЛОВА МАРИНА СЕРГЕЕВНА,Vietnam133@list.ru,True
807,ИГНАТЬЕВ РОДИОН НАИЛЕВИЧ,wasting565@yandex.ru,True
808,ЛЕБЕДЕВ РАДИК ВАДИМОВИЧ,discussion339@yandex.ru,True
809,АРХИПОВА КАРИНА СЕРГЕЕВНА,strangulate733@mail.ru,True
810,АЛИЕВА ГАЛИНА РАВИЛЕВНА,rang@yandex.ru,True
811,ОСИПОВА ВЕРА РИНАТОВНА,Knossos4@gmail.com,True
812,ГОРБУНОВА ЯНА ЭДУАРДОВНА,pique5@yandex.ru,True
813,ПЕТРОВ АРТУР ВЕНИАМИНОВИЧ,Caputo037@mail.ru,True
814,КОЖЕВНИКОВ ЮРИЙ САМВЕЛОВИЧ,gerundive2@gmail.com,True
815,ФЕДОСЕЕВА ЕЛИЗАВЕТА НАИЛЕВНА,rail28@yandex.ru,True
816,САФОНОВА МАРИНА МАРАТОВНА,tomahawk2@list.ru,True
817,СКВОРЦОВА ЛУИЗА МАРАТОВНА,impeach8@list.ru,True
818,ВОРОНИНА МАЙЯ РИНАТОВНА,ellipsometer85@yandex.ru,True
819,ВЛАСОВ ТИМУР ГЕННАДИЕВИЧ,joust03@gmail.com,True
820,ЛЕОНТЬЕВА ГУЛЬНАРА ВЯЧЕСЛАВОВНА,Jeannie8@list.ru,True
821,МАГОМЕДОВ РОБЕРТ АНТОНОВИЧ,valedictorian800@mail.ru,True
822,ДЕМИДОВА РАИСА ФИЛИППОВНА,hogging06@gmail.com,True
823,КРАВЧЕНКО АРТЁМ АЛЬБЕРТОВИЧ,scrupulosity170@mail.ru,True
824,ЛОГИНОВ ТАРАС ВИТАЛЬЕВИЧ,stylites6@yandex.ru,True
825,СУЛТАНОВА АНТОНИНА АЛЕКСЕЕВНА,gauzy1@gmail.com,True
826,КАЛАШНИКОВ МИХАИЛ ФЁДОРОВИЧ,folksy@list.ru,True
827,ГОРБУНОВ АЗАТ ЮРЬЕВИЧ,myself76@yandex.ru,True
828,ЕФРЕМОВ ВИКТОР РОБЕРТОВИЧ,minimax33@yandex.ru,True
829,МЕЩЕРЯКОВА ВИОЛЕТТА ЛЕОНИДОВНА,biaxial0@list.ru,True
830,СИДОРОВ ВЯЧЕСЛАВ ГЕОРГИЕВИЧ,gallant@yandex.ru,True
831,ВОРОНОВА АЛЬБИНА ВАЛЕРЬЕВНА,chatty423@list.ru,True
832,САФРОНОВА ОЛЬГА АРКАДЬЕВНА,infectious801@gmail.com,True
833,ЕРЕМИНА КЛАВДИЯ АФАНАСЬЕВНА,cutlass59@gmail.com,True
834,ЧЕРНЫШЕВ МАРАТ ГЕРМАНОВИЧ,carbonate802@mail.ru,True
835,АКСЕНОВ ЛЕОНИД ДМИТРИЕВИЧ,Janos@gmail.com,True
836,ВОРОНЦОВА НЕЛЛИ АНВАРОВНА,scatterbrain@mail.ru,True
837,НИКУЛИН МИХАИЛ АЛЕКСЕЕВИЧ,protean7@yandex.ru,True
838,ЧИСТЯКОВ АЛЕКСАНДР СТЕПАНОВИЧ,Angelina@yandex.ru,True
839,ЖУКОВА ЛАРИСА ДАНИЛОВНА,meretricious491@mail.ru,True
840,КОЛЕСНИКОВ ВИТАЛИЙ АРКАДЬЕВИЧ,billet@mail.ru,True
841,ЧЕРНЫШОВА АНАСТАСИЯ ФАРИТОВНА,nuzzle50@list.ru,True
842,АКОПЯН ДМИТРИЙ ВАСИЛЬЕВИЧ,adoptive@yandex.ru,True
843,ЖДАНОВА АННА БОРИСОВНА,sportswear@gmail.com,True
844,КОРОЛЕВ АШОТ ЛЬВОВИЧ,lewis85@gmail.com,True
845,МОЛЧАНОВА АЛЕСЯ ЛЬВОВНА,syntactic@list.ru,True
846,БЫЧКОВА ВАЛЕНТИНА ВАДИМОВНА,nectarine6@yandex.ru,True
847,СОРОКИНА ГАЛИНА НАИЛЕВНА,lunch16@yandex.ru,True
848,КОЖЕВНИКОВ ЛЕВ ИЛЬДАРОВИЧ,Pradesh@mail.ru,True
849,ФИЛИППОВ КИРИЛЛ ЕВГЕНЬЕВИЧ,Sian8@mail.ru,True
850,ДАНИЛОВА КРИСТИНА СТАНИСЛАВОВНА,wail3@gmail.com,True
851,КОЖЕВНИКОВ АНТОН АЛЕКСАНДРОВИЧ,extensor@yandex.ru,True
852,ОРЛОВ АЛЕКСАНДР МАКСИМОВИЧ,cranny067@yandex.ru,True
853,ТРЕТЬЯКОВА НЕЛЛИ ВЛАДИСЛАВОВНА,broke5@gmail.com,True
854,ШИШКИНА ЭЛИНА ДМИТРИЕВНА,mantissa@mail.ru,True
855,КУДРЯВЦЕВА КЛАВДИЯ АРКАДЬЕВНА,tid1@yandex.ru,True
856,АЛИЕВ ЕВГЕНИЙ МАКСИМОВИЧ,respondent@yandex.ru,True
857,УЛЬЯНОВ ВЯЧЕСЛАВ ЭДУАРДОВИЧ,midst0@mail.ru,True
858,КОПЫЛОВА ФАРИДА РУСЛАНОВНА,consecutive@list.ru,True
859,АХМЕДОВ ПЕТР СТЕПАНОВИЧ,profit1@gmail.com,True
860,КИРИЛЛОВ ВАСИЛИЙ РОМАНОВИЧ,thump84@gmail.com,True
861,БЫЧКОВ ИЛЬНУР ВИТАЛЬЕВИЧ,ectopic997@list.ru,True
862,ТИХОМИРОВА НАДЕЖДА ВАСИЛЬЕВНА,smut@mail.ru,True
863,БЕЛОВ НИКОЛАЙ РАМИЛЕВИЧ,Hades5@mail.ru,True
864,БЕРЕЗИНА АНГЕЛИНА ВАДИМОВНА,washbasin44@yandex.ru,True
865,ПЕТУХОВА РИТА АНТОНОВНА,sigh476@yandex.ru,True
866,МАКАРОВ АЛАН ФАРИТОВИЧ,quaint99@yandex.ru,True
867,ИВАНОВА ФАТИМА ИННОКЕНТЬЕВНА,erudite440@gmail.com,True
868,НЕСТЕРОВА АЛЛА РОМАНОВНА,amnesia8@mail.ru,True
869,ЗОРИН ТИМУР ЕГОРОВИЧ,Yamaha710@mail.ru,True
870,ЕРШОВА АЛЬБИНА ЛЬВОВНА,raptorial7@yandex.ru,True
871,ТАРАСОВ АНАТОЛИЙ ЯКОВЛЕВИЧ,birdseed42@yandex.ru,True
872,ДЕНИСОВ АЛИК ФЕДОРОВИЧ,binuclear@mail.ru,True
873,ПЕТРОВА ВИОЛЕТТА ВИТАЛЬЕВНА,admixture6@yandex.ru,True
874,ВАСИЛЬЕВА СОФЬЯ ГАВРИЛОВНА,magnetite57@yandex.ru,True
875,ТОКАРЕВА ЮЛИЯ СЕРГЕЕВНА,grindstone04@yandex.ru,True
876,СУХАНОВА ЛЮДМИЛА КИРИЛЛОВНА,tip51@mail.ru,True
877,ЕРМОЛАЕВ ВИТАЛИЙ АНТОНОВИЧ,dungeon595@gmail.com,True
878,КОНДРАТЬЕВ РАДИК ЛЕОНИДОВИЧ,bray32@gmail.com,True
879,ЧЕРНОВА НАТАЛЬЯ ГЕННАДЬЕВНА,shamrock71@mail.ru,True
880,РЫБАКОВ ГРИГОРИЙ СТЕПАНОВИЧ,uncle870@yandex.ru,True
881,БЛИНОВА АРИНА РУСЛАНОВНА,Kowalski581@yandex.ru,True
882,ТКАЧЕВА ЭЛЕОНОРА РАФАИЛОВНА,hysteria@gmail.com,True
883,ЕРШОВА ИНГА ВИТАЛЬЕВНА,nautilus320@mail.ru,True
884,ФЕДОТОВ СТЕПАН ВАСИЛЬЕВИЧ,alternate6@gmail.com,True
885,ГОРШКОВ РАШИД ВАДИМОВИЧ,civic38@list.ru,True
886,СИМОНОВ АРМЕН РАИСОВИЧ,aspartic07@gmail.com,True
887,АРХИПОВА ВИОЛЕТТА РАШИТОВНА,Irvine5@yandex.ru,True
888,АБРАМОВ ТИМУР ПЕТРОВИЧ,Alberich52@yandex.ru,True
889,КОВАЛЕВ ДЕНИС ЕГОРОВИЧ,squirm0@mail.ru,True
890,ФИЛАТОВА АНТОНИНА ВЕНИАМИНОВНА,Baptist@gmail.com,True
891,МОЛЧАНОВА ВАЛЕРИЯ РАМИЛЕВНА,Bradford1@list.ru,True
892,МИРОНОВ ОЛЕГ РАМИЛЕВИЧ,adposition61@yandex.ru,True
893,НИКУЛИН РИНАТ СЕМЕНОВИЧ,inflater59@yandex.ru,True
894,ЛОБАНОВА ЭММА ДАНИЛОВНА,Baxter@mail.ru,True
895,ВЕСЕЛОВА ЕКАТЕРИНА ИГОРЕВНА,conservatory@yandex.ru,True
896,СТЕПАНОВА ГАЛИЯ РАВИЛЬЕВНА,panicky218@list.ru,True
897,ФРОЛОВ МАРСЕЛЬ АНАТОЛЬЕВИЧ,Germantown8@yandex.ru,True
898,НИКОЛАЕВ АНАТОЛИЙ РАДИКОВИЧ,wary@mail.ru,True
899,КОНСТАНТИНОВ АЛИК МАРАТОВИЧ,scrooge63@list.ru,True
900,ИВАНОВА КАРИНА РАВИЛЬЕВНА,emcee9@gmail.com,True
901,ГЕРАСИМОВ ГЕОРГИЙ ВАЛЕНТИНОВИЧ,month36@yandex.ru,True
902,КИРИЛЛОВА ФАТИМА АФАНАСЬЕВНА,filamentary10@list.ru,True
903,ТИМОФЕЕВА ЗОЯ ЕГОРОВНА,Canaveral4@gmail.com,True
904,БОГДАНОВА ЮЛИЯ КИРИЛЛОВНА,trash66@list.ru,True
905,КАЗАКОВ ГРИГОРИЙ АЛЕКСАНДРОВИЧ,cricket247@mail.ru,True
906,ДОРОФЕЕВА ГУЗЕЛЬ ОЛЕГОВНА,expand8@mail.ru,True
907,СКВОРЦОВ АНТОН ВИТАЛЬЕВИЧ,Perilla233@yandex.ru,True
908,ЧЕРКАСОВА АЛЬБИНА ВАЛЕНТИНОВНА,caprice99@gmail.com,True
909,РОЖКОВ КАРЕН ПАВЛОВИЧ,neutrino43@yandex.ru,True
910,БОРОДИНА МАДИНА ПАВЛОВНА,Armstrong78@yandex.ru,True
911,ПОЗДНЯКОВА РИТА СТАНИСЛАВОВНА,fecal1@mail.ru,True
912,ВЛАДИМИРОВА ИРАИДА ХАСАНОВНА,tactile280@yandex.ru,True
913,ВОРОНИН НАИЛЬ ДМИТРИЕВИЧ,commodity@gmail.com,True
914,ОСИПОВА КАРИНА АЛЕКСЕЕВНА,eutectic45@gmail.com,True
915,САЗОНОВА ЯНА ДАНИЛОВНА,touchy6@gmail.com,True
916,МЕРКУЛОВА ЛЕЙЛА ВЯЧЕСЛАВОВНА,bedlam79@gmail.com,True
917,КАЛИНИН ДАНИЛ НАИЛЕВИЧ,lobby29@gmail.com,True
918,КРАВЦОВА ЮЛИЯ АНДРЕЕВНА,summer97@mail.ru,True
919,КУДРЯВЦЕВ ИЛЬНУР ЕГОРОВИЧ,Howard@mail.ru,True
920,МАСЛОВ АРСЕН ВАДИМОВИЧ,ninebark5@list.ru,True
921,КОРОЛЕВА ВАЛЕРИЯ СЕРГЕЕВНА,gazebo@gmail.com,True
922,МАМЕДОВА СОФЬЯ ОЛЕГОВНА,bristlecone744@gmail.com,True
923,ТКАЧЕНКО ВЕРА СЕМЕНОВНА,kimono40@gmail.com,True
924,НОВИКОВ РОМАН ВАЛЕРЬЕВИЧ,anthropomorphic72@yandex.ru,True
925,РОДИОНОВА АИДА ВАСИЛЬЕВНА,solstice8@list.ru,True
926,АЛИЕВ АШОТ ИБРАГИМОВИЧ,Thomson3@mail.ru,True
927,ГОНЧАРОВ АРКАДИЙ СЕМЕНОВИЧ,knuckle@yandex.ru,True
928,ЩЕРБАКОВА АЛЬФИЯ ИННОКЕНТЬЕВНА,sightseeing66@mail.ru,True
929,КОНОВАЛОВ ФЕДОР АНДРЕЕВИЧ,pup13@mail.ru,True
930,НОВИКОВА ФАТИМА РАМИЛЕВНА,bryozoa@gmail.com,True
931,БЛИНОВ ИЛЬЯ КОНСТАНТИНОВИЧ,synonymous5@mail.ru,True
932,ЛОГИНОВА АСИЯТ СЕМЕНОВНА,Horatio615@gmail.com,True
933,СИМОНОВА ЗУХРА ПАВЛОВНА,gross91@gmail.com,True
934,ЗАЙЦЕВА АНТОНИНА ПАВЛОВНА,basic1@list.ru,True
935,СЕЛЕЗНЕВ АШОТ ДМИТРИЕВИЧ,USAF9@mail.ru,True
936,АКОПЯН РАМИЛЬ РАШИТОВИЧ,rope14@list.ru,True
937,НИКИТИНА ЗАЛИНА РАДИКОВНА,Hattiesburg@gmail.com,True
938,КУЛИКОВА ГАЛИНА ГЕННАДЬЕВНА,caterpillar9@list.ru,True
939,МАСЛОВ СТЕПАН НАИЛЕВИЧ,altern00@mail.ru,True
940,ГОЛУБЕВ ДАМИР ИЛЬИЧ,cheery245@list.ru,True
941,СТЕПАНОВА КИРА АЛЬБЕРТОВНА,neuritis410@gmail.com,True
942,АКСЕНОВ АЛЬБЕРТ ВАДИМОВИЧ,phonograph53@gmail.com,True
943,СУХАНОВА ЗИНАИДА ЭДУАРДОВНА,astrology7@yandex.ru,True
944,СОРОКИН ВИКТОР РАШИТОВИЧ,owlet3@gmail.com,True
945,ЩЕРБАКОВА КЛАВДИЯ ИВАНОВНА,megaton880@yandex.ru,True
946,РОЖКОВА ЕЛИЗАВЕТА ЕГОРОВНА,wolve166@yandex.ru,True
947,ГРИГОРЬЕВ РУСТЕМ АНВАРОВИЧ,car6@gmail.com,True
948,МОНГУШ ДИАНА РАФИКОВНА,quadratic945@mail.ru,True
949,ЛАРИОНОВ АЛЬБЕРТ ВИТАЛЬЕВИЧ,Stockton@mail.ru,True
950,ОРЛОВ ВАСИЛИЙ ВЕНИАМИНОВИЧ,seclude0@gmail.com,True
951,СИТНИКОВА УЛЬЯНА ДАМИРОВНА,antipathy010@yandex.ru,True
952,МАЛЫШЕВ СЕРГЕЙ ИЛЬИЧ,Christensen7@list.ru,True
953,ЧЕРКАСОВА ОКСАНА ВЯЧЕСЛАВОВНА,minestrone017@gmail.com,True
954,ВАСИЛЬЕВА ДАРЬЯ РАМИЛЕВНА,pumice2@mail.ru,True
955,МАКАРОВ ТИМОФЕЙ ГРИГОРЬЕВИЧ,cancerous311@gmail.com,True
956,КАЗАНЦЕВА ВАЛЕНТИНА ВЛАДИМИРОВНА,suggestible02@list.ru,True
957,НАУМОВ ИВАН СТАНИСЛАВОВИЧ,gluten23@yandex.ru,True
958,АРУТЮНЯН ОЛЕГ ФАРИТОВИЧ,Mafia8@list.ru,True
959,ЗУЕВ КИРИЛЛ ВАСИЛЬЕВИЧ,BMW5@list.ru,True
960,ТКАЧЕНКО РАШИД ВЯЧЕСЛАВОВИЧ,Kessler7@yandex.ru,True
961,ШАКИРОВ АЛЕКСАНДР РОБЕРТОВИЧ,bate10@gmail.com,True
962,ГРИГОРЯН ВИКТОР САМВЕЛОВИЧ,whence3@yandex.ru,True
963,АРУТЮНЯН ЯРОСЛАВ СЕРГЕЕВИЧ,logging65@list.ru,True
964,БИРЮКОВ ДАМИР ПЕТРОВИЧ,circlet38@yandex.ru,True
965,КАРИМОВА МАЙЯ ВЯЧЕСЛАВОВНА,efficacious0@list.ru,True
966,ПОЛЯКОВА ИРАИДА АЛИЕВНА,irreversible@mail.ru,True
967,МИХАЙЛОВА АЛЕСЯ РАВИЛЕВНА,mutatis71@mail.ru,True
968,АНИСИМОВА АНЖЕЛА РАМАЗАНОВНА,Bridget@list.ru,True
969,ЕФИМОВА АЛСУ ГРИГОРЬЕВНА,decathlon2@mail.ru,True
970,ЛЫСЕНКО СТАНИСЛАВ РУСЛАНОВИЧ,cash@list.ru,True
971,РОЖКОВ ЭДУАРД МАРАТОВИЧ,vent@yandex.ru,True
972,КАРИМОВА АЙГУЛЬ СТЕПАНОВНА,thorny119@yandex.ru,True
973,ВОЛКОВ ШАМИЛЬ РОМАНОВИЧ,refrigerate@list.ru,True
974,ПАНОВ ПЁТР ВИТАЛЬЕВИЧ,glyph61@mail.ru,True
975,КУДРЯВЦЕВА АЛЁНА АЛЕКСЕЕВНА,Katz@gmail.com,True
976,ТИТОВ АЙРАТ ВАДИМОВИЧ,prosody10@mail.ru,True
977,ПОПОВА ЭЛЕОНОРА РУДОЛЬФОВНА,electrocardiogram@mail.ru,True
978,РЫБАКОВ ЕВГЕНИЙ РИНАТОВИЧ,pistole@gmail.com,True
979,ТЮРИНА ДАРЬЯ НИКОЛАЕВНА,inconsequential3@list.ru,True
980,ЕФИМОВА ГАЛИЯ ГЕННАДЬЕВНА,koala7@list.ru,True
981,ЗАРИПОВА ДАРЬЯ АЛИЕВНА,twaddle5@list.ru,True
982,ЛАПТЕВА СНЕЖАНА РАФИКОВНА,bellwether2@list.ru,True
983,БИРЮКОВА ТАМАРА ВИТАЛЬЕВНА,whitewash9@list.ru,True
984,НИКИТИН ЗАУР ВЛАДИСЛАВОВИЧ,persuasive@gmail.com,True
985,ХАСАНОВА ДАРЬЯ ОЛЕГОВНА,salami07@yandex.ru,True
986,ЕЛИСЕЕВ РАМИЛЬ ВЯЧЕСЛАВОВИЧ,radiocarbon8@gmail.com,True
987,НИКИТИНА ЛАРИСА МАКСИМОВНА,prone1@yandex.ru,True
988,ЖУКОВА СОФИЯ РАМИЛЕВНА,shallow72@gmail.com,True
989,САВЕЛЬЕВ АЛЕКСЕЙ ИОСИФОВИЧ,height@mail.ru,True
990,ЮСУПОВА ДАРЬЯ СТАНИСЛАВОВНА,Myron185@mail.ru,True
991,ОВЧИННИКОВА КАРИНА ВАЛЕРИЕВНА,cheesemaking@mail.ru,True
992,ЛОГИНОВ МАКСИМ ЯКОВЛЕВИЧ,Gerry143@gmail.com,True
993,ВЛАСОВ ДМИТРИЙ ОЛЕГОВИЧ,pounce0@gmail.com,True
994,ШИРЯЕВА ВЕНЕРА МАГОМЕДОВНА,fisticuff380@yandex.ru,True
995,ГОРБУНОВ ЭЛЬДАР РАФАИЛОВИЧ,bleat@list.ru,True
996,ИГНАТЬЕВ ИГОРЬ МАРАТОВИЧ,holeable9@gmail.com,True
997,ЗАХАРОВА ВАЛЕРИЯ РАМИЛЕВНА,octant778@list.ru,True
998,САМСОНОВА РИТА ВАДИМОВНА,prurient75@mail.ru,True
999,УСТЮЖАНИН АЛЕКСАНДР ОЛЕГОВИЧ,metalwork77@gmail.com,True
